site_id,image_file,n_defects,n_corrosion,n_crack,max_confidence,defects_json
SITE0001,corrosion-and-cracks-kuvur_corrosion-47-_jpeg.rf.54411d52d859269f0aeba0b159402755.jpg,0,0,0,0.0,[]
SITE0002,corrosion-and-cracks-kuvur_corrosion-50-_jpeg.rf.22a2f1df5ce140ed99dfb0fcfaa08854.jpg,0,0,0,0.0,[]
SITE0003,corrosion-and-cracks-kuvur_corrosion-73-_jpeg.rf.4adbd108154e730997f3ad4d869534f9.jpg,0,0,0,0.0,[]
SITE0004,corrosion-and-cracks-kuvur_corrosion-25-_jpeg.rf.033154fd3786820efd5926f487a9343c.jpg,0,0,0,0.0,[]
SITE0005,corrosion_detection-unzub_A-nut-and-bolt-assembly-showing-crevice-corrosion-in-cold-rolled-threads--The-corrosion-products-are-accumulated-at-the-junction-of-the-nut-and-the-bolt-_jpg.rf.c82da7970ad2b7cd9970c376d4e4677c.jpg,4,4,0,0.85,"[{""class"": ""corrosion"", ""confidence"": 0.85, ""bbox"": [0.5469, 0.3846, 0.238, 0.36]}, {""class"": ""corrosion"", ""confidence"": 0.85, ""bbox"": [0.5373, 0.6899, 0.247, 0.2272]}, {""class"": ""corrosion"", ""confidence"": 0.85, ""bbox"": [0.6418, 0.8654, 0.0583, 0.0589]}, {""class"": ""corrosion"", ""confidence"": 0.85, ""bbox"": [0.7296, 0.0986, 0.0595, 0.1118]}]"
SITE0006,corrosion-and-cracks-kuvur_corrosion-47-_jpeg.rf.dccd9d4ade5a2e44a165fe17404f37ef.jpg,0,0,0,0.0,[]
SITE0007,corrosion-and-cracks-kuvur_corrosion-75-_jpeg.rf.1e3a270a09aec4b3ad29acaa668d6e6f.jpg,0,0,0,0.0,[]
SITE0008,corrosion-and-cracks-kuvur_corrosion-73-_jpeg.rf.28c623a95560ea952d082be9ec57d8fb.jpg,0,0,0,0.0,[]
SITE0009,corrosion_detection-unzub_corrosion-metal-rusty-bollard-abandoned-pier-221587764_jpg.rf.48e2bea4f6265d10e4709a63e54689c8.jpg,12,8,4,0.85,"[{""class"": ""corrosion"", ""confidence"": 0.85, ""bbox"": [0.5385, 0.232, 0.1629, 0.024]}, {""class"": ""crack"", ""confidence"": 0.85, ""bbox"": [0.6983, 0.3185, 0.0126, 0.1106]}, {""class"": ""crack"", ""confidence"": 0.85, ""bbox"": [0.7536, 0.4123, 0.0114, 0.351]}, {""class"": ""crack"", ""confidence"": 0.85, ""bbox"": [0.4748, 0.4363, 0.0192, 0.2572]}, {""class"": ""corrosion"", ""confidence"": 0.85, ""bbox"": [0.8942, 0.4868, 0.0956, 0.0463]}, {""class"": ""corrosion"", ""confidence"": 0.85, ""bbox"": [0.7188, 0.6226, 0.0481, 0.0715]}, {""class"": ""crack"", ""confidence"": 0.85, ""bbox"": [0.4832, 0.6599, 0.0294, 0.1472]}, {""class"": ""corrosion"", ""confidence"": 0.85, ""bbox"": [0.9267, 0.6671, 0.1172, 0.0505]}, {""class"": ""corrosion"", ""confidence"": 0.85, ""bbox"": [0.5529, 0.7584, 0.0577, 0.0799]}, {""class"": ""corrosion"", ""confidence"": 0.85, ""bbox"": [0.7392, 0.7945, 0.1184, 0.2115]}, {""class"": ""corrosion"", ""confidence"": 0.85, ""bbox"": [0.5457, 0.905, 0.1058, 0.1857]}, {""class"": ""corrosion"", ""confidence"": 0.85, ""bbox"": [0.7392, 0.1827, 0.1472, 0.0391]}]"
SITE0010,corrosion_detection-unzub_main-qimg-dd1c9e2f7bbbaf14ab142360f5cb6b03-lq_jpg.rf.7d0aacc51e1788988bd7808e382a3751.jpg,4,3,1,0.85,"[{""class"": ""corrosion"", ""confidence"": 0.85, ""bbox"": [0.4928, 0.5589, 0.2398, 0.1701]}, {""class"": ""corrosion"", ""confidence"": 0.85, ""bbox"": [0.8714, 0.5853, 0.2001, 0.6653]}, {""class"": ""corrosion"", ""confidence"": 0.85, ""bbox"": [0.1262, 0.6851, 0.1899, 0.5709]}, {""class"": ""crack"", ""confidence"": 0.85, ""bbox"": [0.381, 0.1947, 0.2674, 0.0721]}]"
SITE0011,corrosion-and-cracks-kuvur_corrosion-51-_jpeg.rf.3e02cb2ab9ce06cd184dd6b8cb3d393b.jpg,0,0,0,0.0,[]
SITE0012,pipe-defects-ybzjr_Frozen_Pipes249-DFs_jpg.rf.62f22cad8f4b21f7a1426693f2bca401.jpg,7,7,0,0.85,"[{""class"": ""corrosion"", ""confidence"": 0.85, ""bbox"": [0.7695, 0.1927, 0.1578, 0.0521]}, {""class"": ""corrosion"", ""confidence"": 0.85, ""bbox"": [0.2617, 0.8146, 0.0297, 0.0604]}, {""class"": ""corrosion"", ""confidence"": 0.85, ""bbox"": [0.2492, 0.8844, 0.0367, 0.0604]}, {""class"": ""corrosion"", ""confidence"": 0.85, ""bbox"": [0.2352, 0.7417, 0.0352, 0.0583]}, {""class"": ""corrosion"", ""confidence"": 0.85, ""bbox"": [0.2023, 0.3958, 0.05, 0.0365]}, {""class"": ""corrosion"", ""confidence"": 0.85, ""bbox"": [0.1742, 0.5656, 0.1656, 0.2458]}, {""class"": ""corrosion"", ""confidence"": 0.85, ""bbox"": [0.1227, 0.7229, 0.0391, 0.0625]}]"
SITE0013,corrosion-and-cracks-kuvur_corrosion-38-_jpeg.rf.2cffcfd5f235e21515cc57cf68a44bd0.jpg,0,0,0,0.0,[]
SITE0014,corrosion_detection-unzub_Galvanic-Corrosion-Corrosion-with-an-Electric-Edge_jpg.rf.1695fb3533da6f331ab1db73c4ddc431.jpg,10,10,0,0.85,"[{""class"": ""corrosion"", ""confidence"": 0.85, ""bbox"": [0.8305, 0.3221, 0.0264, 0.0427]}, {""class"": ""corrosion"", ""confidence"": 0.85, ""bbox"": [0.1947, 0.3474, 0.015, 0.1749]}, {""class"": ""corrosion"", ""confidence"": 0.85, ""bbox"": [0.774, 0.3918, 0.0276, 0.0349]}, {""class"": ""corrosion"", ""confidence"": 0.85, ""bbox"": [0.8257, 0.3954, 0.0216, 0.0385]}, {""class"": ""corrosion"", ""confidence"": 0.85, ""bbox"": [0.7704, 0.4688, 0.021, 0.0421]}, {""class"": ""corrosion"", ""confidence"": 0.85, ""bbox"": [0.8209, 0.4736, 0.0264, 0.0439]}, {""class"": ""corrosion"", ""confidence"": 0.85, ""bbox"": [0.3474, 0.7704, 0.1569, 0.1653]}, {""class"": ""corrosion"", ""confidence"": 0.85, ""bbox"": [0.4796, 0.7849, 0.0721, 0.101]}, {""class"": ""corrosion"", ""confidence"": 0.85, ""bbox"": [0.5505, 0.9195, 0.1154, 0.146]}, {""class"": ""corrosion"", ""confidence"": 0.85, ""bbox"": [0.3486, 0.9243, 0.1538, 0.0793]}]"
SITE0015,corrosion-and-cracks-kuvur_corrosion-27-_jpeg.rf.3734556db6feaf2c6ab8a76cf748a6c7.jpg,0,0,0,0.0,[]
SITE0016,corrosion_detection-unzub_corrosion-metal-rusty-bollard-abandoned-pier-221587764_jpg.rf.403b9b04082d1dd3ee477b5049e7e10d.jpg,12,8,4,0.85,"[{""class"": ""corrosion"", ""confidence"": 0.85, ""bbox"": [0.5385, 0.232, 0.1629, 0.024]}, {""class"": ""crack"", ""confidence"": 0.85, ""bbox"": [0.6983, 0.3185, 0.0126, 0.1106]}, {""class"": ""crack"", ""confidence"": 0.85, ""bbox"": [0.7536, 0.4123, 0.0114, 0.351]}, {""class"": ""crack"", ""confidence"": 0.85, ""bbox"": [0.4748, 0.4363, 0.0192, 0.2572]}, {""class"": ""corrosion"", ""confidence"": 0.85, ""bbox"": [0.8942, 0.4868, 0.0956, 0.0463]}, {""class"": ""corrosion"", ""confidence"": 0.85, ""bbox"": [0.7188, 0.6226, 0.0481, 0.0715]}, {""class"": ""crack"", ""confidence"": 0.85, ""bbox"": [0.4832, 0.6599, 0.0294, 0.1472]}, {""class"": ""corrosion"", ""confidence"": 0.85, ""bbox"": [0.9267, 0.6671, 0.1172, 0.0505]}, {""class"": ""corrosion"", ""confidence"": 0.85, ""bbox"": [0.5529, 0.7584, 0.0577, 0.0799]}, {""class"": ""corrosion"", ""confidence"": 0.85, ""bbox"": [0.7392, 0.7945, 0.1184, 0.2115]}, {""class"": ""corrosion"", ""confidence"": 0.85, ""bbox"": [0.5457, 0.905, 0.1058, 0.1857]}, {""class"": ""corrosion"", ""confidence"": 0.85, ""bbox"": [0.7392, 0.1827, 0.1472, 0.0391]}]"
SITE0017,corrosion-and-cracks-kuvur_corrosion-22-_jpeg.rf.7eee751634b146655f68c2677bdf77f0.jpg,0,0,0,0.0,[]
SITE0018,corrosion-and-cracks-kuvur_corrosion-2-_jpeg.rf.ce2388ae2207f0d498e2e8e5290d490a.jpg,0,0,0,0.0,[]
SITE0019,corrosion-and-cracks-kuvur_corrosion-62-_jpeg.rf.3fb47b88414544da64b1b72d8b5cdfd9.jpg,0,0,0,0.0,[]
SITE0020,corrosion-and-cracks-kuvur_corrosion-21-_jpeg.rf.3ab17e169ab9b8cf8b0503752d79d2f7.jpg,0,0,0,0.0,[]
SITE0021,corrosion-and-cracks-kuvur_corrosion-11-_jpeg.rf.9bc91483e19ae99f4e6c7fb54fe0fda4.jpg,0,0,0,0.0,[]
SITE0022,corrosion-and-cracks-kuvur_corrosion-12-_jpeg.rf.e0a1fc1faa4ee4816c9a0b79e2b8a82a.jpg,0,0,0,0.0,[]
SITE0023,corrosion-and-cracks-kuvur_corrosion-18-_jpeg.rf.bec8fef768832c05c5d93a422733e544.jpg,0,0,0,0.0,[]
SITE0024,pipe-defects-ybzjr_featured-image-burst-pipe-jpeg_jpg.rf.790094dc13e231a1a5c338f9a1f653c4.jpg,4,3,1,0.85,"[{""class"": ""crack"", ""confidence"": 0.85, ""bbox"": [0.3612, 0.1961, 0.2144, 0.1252]}, {""class"": ""corrosion"", ""confidence"": 0.85, ""bbox"": [0.903, 0.0773, 0.0426, 0.04]}, {""class"": ""corrosion"", ""confidence"": 0.85, ""bbox"": [0.9145, 0.1221, 0.0645, 0.0845]}, {""class"": ""corrosion"", ""confidence"": 0.85, ""bbox"": [0.7447, 0.2168, 0.0674, 0.0945]}]"
SITE0025,corrosion-and-cracks-kuvur_corrosion-53-_jpeg.rf.d41f222452dcc0450de68e49529f2e00.jpg,10,10,0,0.85,"[{""class"": ""corrosion"", ""confidence"": 0.85, ""bbox"": [0.4789, 0.2336, 0.0789, 0.0719]}, {""class"": ""corrosion"", ""confidence"": 0.85, ""bbox"": [0.3258, 0.5281, 0.0688, 0.1203]}, {""class"": ""corrosion"", ""confidence"": 0.85, ""bbox"": [0.9047, 0.7328, 0.0938, 0.1086]}, {""class"": ""corrosion"", ""confidence"": 0.85, ""bbox"": [0.3234, 0.8234, 0.0883, 0.1297]}, {""class"": ""corrosion"", ""confidence"": 0.85, ""bbox"": [0.5422, 0.6555, 0.0891, 0.1078]}, {""class"": ""corrosion"", ""confidence"": 0.85, ""bbox"": [0.7258, 0.5141, 0.0773, 0.1008]}, {""class"": ""corrosion"", ""confidence"": 0.85, ""bbox"": [0.9023, 0.2773, 0.0797, 0.1117]}, {""class"": ""corrosion"", ""confidence"": 0.85, ""bbox"": [0.4258, 0.3695, 0.0633, 0.0969]}, {""class"": ""corrosion"", ""confidence"": 0.85, ""bbox"": [0.1414, 0.6344, 0.0656, 0.0969]}, {""class"": ""corrosion"", ""confidence"": 0.85, ""bbox"": [0.3906, 0.6984, 0.0781, 0.082]}]"
SITE0026,corrosion-and-cracks-kuvur_corrosion-47-_jpeg.rf.dccd9d4ade5a2e44a165fe17404f37ef.jpg,0,0,0,0.0,[]
SITE0027,corrosion-and-cracks-kuvur_corrosion-44-_jpeg.rf.19ff49a938369c223d6f990ea3c955fc.jpg,0,0,0,0.0,[]
SITE0028,corrosion_detection-unzub_corrosion-metal-rusty-bollard-abandoned-pier-221587764_jpg.rf.d65330b681e22388b70a1ba38d5270b9.jpg,12,8,4,0.85,"[{""class"": ""corrosion"", ""confidence"": 0.85, ""bbox"": [0.4615, 0.232, 0.1629, 0.024]}, {""class"": ""crack"", ""confidence"": 0.85, ""bbox"": [0.3017, 0.3185, 0.0126, 0.1106]}, {""class"": ""crack"", ""confidence"": 0.85, ""bbox"": [0.2464, 0.4123, 0.0114, 0.351]}, {""class"": ""crack"", ""confidence"": 0.85, ""bbox"": [0.5252, 0.4363, 0.0192, 0.2572]}, {""class"": ""corrosion"", ""confidence"": 0.85, ""bbox"": [0.1058, 0.4868, 0.0956, 0.0463]}, {""class"": ""corrosion"", ""confidence"": 0.85, ""bbox"": [0.2812, 0.6226, 0.0481, 0.0715]}, {""class"": ""crack"", ""confidence"": 0.85, ""bbox"": [0.5168, 0.6599, 0.0294, 0.1472]}, {""class"": ""corrosion"", ""confidence"": 0.85, ""bbox"": [0.0733, 0.6671, 0.1172, 0.0505]}, {""class"": ""corrosion"", ""confidence"": 0.85, ""bbox"": [0.4471, 0.7584, 0.0577, 0.0799]}, {""class"": ""corrosion"", ""confidence"": 0.85, ""bbox"": [0.2608, 0.7945, 0.1184, 0.2115]}, {""class"": ""corrosion"", ""confidence"": 0.85, ""bbox"": [0.4543, 0.905, 0.1058, 0.1857]}, {""class"": ""corrosion"", ""confidence"": 0.85, ""bbox"": [0.2608, 0.1827, 0.1472, 0.0391]}]"
SITE0029,corrosion_detection-unzub_Adjacent-picture-shows-a-classic-example-of-galvanic-corrosion--a-stainless-steel-screw-in-contact-with-a-cadmium-plated-steel-washer-_jpg.rf.6bad5d4e36c706e890f2232621e704f3.jpg,9,7,2,0.85,"[{""class"": ""corrosion"", ""confidence"": 0.85, ""bbox"": [0.4207, 0.4026, 0.1244, 0.2019]}, {""class"": ""corrosion"", ""confidence"": 0.85, ""bbox"": [0.5998, 0.4038, 0.1755, 0.2157]}, {""class"": ""corrosion"", ""confidence"": 0.85, ""bbox"": [0.0649, 0.4531, 0.119, 0.7001]}, {""class"": ""corrosion"", ""confidence"": 0.85, ""bbox"": [0.5276, 0.5445, 0.351, 0.0337]}, {""class"": ""corrosion"", ""confidence"": 0.85, ""bbox"": [0.3281, 0.6346, 0.0216, 0.2362]}, {""class"": ""corrosion"", ""confidence"": 0.85, ""bbox"": [0.4435, 0.6671, 0.1761, 0.1845]}, {""class"": ""corrosion"", ""confidence"": 0.85, ""bbox"": [0.6226, 0.6719, 0.1593, 0.1893]}, {""class"": ""crack"", ""confidence"": 0.85, ""bbox"": [0.351, 0.9471, 0.0974, 0.0529]}, {""class"": ""crack"", ""confidence"": 0.85, ""bbox"": [0.4555, 0.9724, 0.0889, 0.0451]}]"
SITE0030,corrosion_detection-unzub_Bolts-in-non-salt-water-environments-and-not-in-constant-contact-with-water--such-as-this-one--are-more-than-likely-just-rusty-and-safe-for-climbing-_jpg.rf.2302c4f0d4e3e6b3a6b12b6fa3ada02d.jpg,8,6,2,0.85,"[{""class"": ""corrosion"", ""confidence"": 0.85, ""bbox"": [0.482, 0.2079, 0.5625, 0.1274]}, {""class"": ""corrosion"", ""confidence"": 0.85, ""bbox"": [0.0913, 0.2656, 0.0877, 0.3846]}, {""class"": ""corrosion"", ""confidence"": 0.85, ""bbox"": [0.5337, 0.4171, 0.2019, 0.1364]}, {""class"": ""corrosion"", ""confidence"": 0.85, ""bbox"": [0.8498, 0.5781, 0.1707, 0.6328]}, {""class"": ""crack"", ""confidence"": 0.85, ""bbox"": [0.0625, 0.6635, 0.0974, 0.0974]}, {""class"": ""corrosion"", ""confidence"": 0.85, ""bbox"": [0.1851, 0.768, 0.0865, 0.1508]}, {""class"": ""corrosion"", ""confidence"": 0.85, ""bbox"": [0.5024, 0.7825, 0.4129, 0.1298]}, {""class"": ""crack"", ""confidence"": 0.85, ""bbox"": [0.1623, 0.9327, 0.0787, 0.0685]}]"
SITE0031,pipe-defects-ybzjr_fig-6-pinhole-leaks-in-copper-tubing_jpg.rf.ac0e1e11dc0bfd03fae9219b99de513b.jpg,7,4,3,0.85,"[{""class"": ""corrosion"", ""confidence"": 0.85, ""bbox"": [0.1944, 0.3971, 0.0204, 0.076]}, {""class"": ""corrosion"", ""confidence"": 0.85, ""bbox"": [0.1732, 0.3689, 0.018, 0.0588]}, {""class"": ""corrosion"", ""confidence"": 0.85, ""bbox"": [0.1757, 0.3088, 0.0253, 0.0931]}, {""class"": ""crack"", ""confidence"": 0.85, ""bbox"": [0.1748, 0.6642, 0.0817, 0.2696]}, {""class"": ""crack"", ""confidence"": 0.85, ""bbox"": [0.248, 0.8445, 0.0769, 0.2954]}, {""class"": ""crack"", ""confidence"": 0.85, ""bbox"": [0.1029, 0.7635, 0.1373, 0.4681]}, {""class"": ""corrosion"", ""confidence"": 0.85, ""bbox"": [0.5735, 0.8064, 0.1234, 0.0723]}]"
SITE0032,corrosion-and-cracks-kuvur_corrosion-50-_jpeg.rf.fee0deda5d090eef52b18b4d28616abe.jpg,0,0,0,0.0,[]
SITE0033,pipe-defects-ybzjr_istockphoto-481604650-612x612_jpg.rf.1a8ae511e90cbebe20d2ded1da24143b.jpg,3,0,3,0.85,"[{""class"": ""crack"", ""confidence"": 0.85, ""bbox"": [0.5772, 0.3106, 0.3646, 0.2239]}, {""class"": ""crack"", ""confidence"": 0.85, ""bbox"": [0.8286, 0.2005, 0.3195, 0.2095]}, {""class"": ""crack"", ""confidence"": 0.85, ""bbox"": [0.7102, 0.3723, 0.576, 0.3304]}]"
SITE0034,corrosion-and-cracks-kuvur_corrosion-12-_jpeg.rf.3f1e007b1db89b59a58709a0d9d79737.jpg,0,0,0,0.0,[]
SITE0035,pipe-defects-ybzjr_featured-image-burst-pipe-jpeg_jpg.rf.1e9803389c43cb187eb5b7a7270f3a9a.jpg,2,0,2,0.85,"[{""class"": ""crack"", ""confidence"": 0.85, ""bbox"": [0.1578, 0.2446, 0.0644, 0.3669]}, {""class"": ""crack"", ""confidence"": 0.85, ""bbox"": [0.7906, 0.2426, 0.4161, 0.071]}]"
SITE0036,corrosion_detection-unzub_Galvanic-Corrosion-Corrosion-with-an-Electric-Edge_jpg.rf.52ba92b062b9aca543caa31e952a7d65.jpg,10,10,0,0.85,"[{""class"": ""corrosion"", ""confidence"": 0.85, ""bbox"": [0.8305, 0.3221, 0.0264, 0.0427]}, {""class"": ""corrosion"", ""confidence"": 0.85, ""bbox"": [0.1947, 0.3474, 0.015, 0.1749]}, {""class"": ""corrosion"", ""confidence"": 0.85, ""bbox"": [0.774, 0.3918, 0.0276, 0.0349]}, {""class"": ""corrosion"", ""confidence"": 0.85, ""bbox"": [0.8257, 0.3954, 0.0216, 0.0385]}, {""class"": ""corrosion"", ""confidence"": 0.85, ""bbox"": [0.7704, 0.4688, 0.021, 0.0421]}, {""class"": ""corrosion"", ""confidence"": 0.85, ""bbox"": [0.8209, 0.4736, 0.0264, 0.0439]}, {""class"": ""corrosion"", ""confidence"": 0.85, ""bbox"": [0.3474, 0.7704, 0.1569, 0.1653]}, {""class"": ""corrosion"", ""confidence"": 0.85, ""bbox"": [0.4796, 0.7849, 0.0721, 0.101]}, {""class"": ""corrosion"", ""confidence"": 0.85, ""bbox"": [0.5505, 0.9195, 0.1154, 0.146]}, {""class"": ""corrosion"", ""confidence"": 0.85, ""bbox"": [0.3486, 0.9243, 0.1538, 0.0793]}]"
SITE0037,corrosion-and-cracks-kuvur_corrosion-2-_jpeg.rf.ce2388ae2207f0d498e2e8e5290d490a.jpg,0,0,0,0.0,[]
SITE0038,pipe-defects-ybzjr_istockphoto-1325877872-612x612_jpg.rf.05faa1d77d40b5279b5e96dbd2cfa312.jpg,1,1,0,0.85,"[{""class"": ""corrosion"", ""confidence"": 0.85, ""bbox"": [0.6364, 0.7708, 0.1062, 0.1924]}]"
SITE0039,corrosion-and-cracks-kuvur_corrosion-38-_jpeg.rf.2cffcfd5f235e21515cc57cf68a44bd0.jpg,0,0,0,0.0,[]
SITE0040,corrosion-and-cracks-kuvur_corrosion-24-_jpeg.rf.819c2553d60169fa3c56c6004395683c.jpg,0,0,0,0.0,[]
SITE0041,corrosion-and-cracks-kuvur_corrosion-51-_jpeg.rf.3e02cb2ab9ce06cd184dd6b8cb3d393b.jpg,0,0,0,0.0,[]
SITE0042,pipe-defects-ybzjr_p09h0084-photo-01_jpg.rf.3073e4813f4ac43b7acaa4a0665d68d9.jpg,2,1,1,0.85,"[{""class"": ""corrosion"", ""confidence"": 0.85, ""bbox"": [0.765, 0.2663, 0.065, 0.2327]}, {""class"": ""crack"", ""confidence"": 0.85, ""bbox"": [0.425, 0.8452, 0.1167, 0.3057]}]"
SITE0043,pipe-defects-ybzjr_a4b8bfb5a418bf33304750f0c42f01a0_jpg.rf.9811b762f9bb5a0996176973ff72b5c4.jpg,14,13,1,0.85,"[{""class"": ""crack"", ""confidence"": 0.85, ""bbox"": [0.3203, 0.4691, 0.1168, 0.135]}, {""class"": ""corrosion"", ""confidence"": 0.85, ""bbox"": [0.9172, 0.3294, 0.0107, 0.0495]}, {""class"": ""corrosion"", ""confidence"": 0.85, ""bbox"": [0.877, 0.7614, 0.0212, 0.0514]}, {""class"": ""corrosion"", ""confidence"": 0.85, ""bbox"": [0.8809, 0.8193, 0.031, 0.0641]}, {""class"": ""corrosion"", ""confidence"": 0.85, ""bbox"": [0.895, 0.8893, 0.03, 0.0749]}, {""class"": ""corrosion"", ""confidence"": 0.85, ""bbox"": [0.8984, 0.7786, 0.01, 0.0166]}, {""class"": ""corrosion"", ""confidence"": 0.85, ""bbox"": [0.9004, 0.8128, 0.01, 0.0186]}, {""class"": ""corrosion"", ""confidence"": 0.85, ""bbox"": [0.9082, 0.971, 0.0305, 0.0537]}, {""class"": ""corrosion"", ""confidence"": 0.85, ""bbox"": [0.8521, 0.7448, 0.01, 0.01]}, {""class"": ""corrosion"", ""confidence"": 0.85, ""bbox"": [0.8521, 0.7568, 0.01, 0.01]}, {""class"": ""corrosion"", ""confidence"": 0.85, ""bbox"": [0.8562, 0.7607, 0.01, 0.0156]}, {""class"": ""corrosion"", ""confidence"": 0.85, ""bbox"": [0.856, 0.7295, 0.01, 0.0234]}, {""class"": ""corrosion"", ""confidence"": 0.85, ""bbox"": [0.866, 0.7191, 0.0168, 0.0189]}, {""class"": ""corrosion"", ""confidence"": 0.85, ""bbox"": [0.8677, 0.7354, 0.0107, 0.0234]}]"
SITE0044,corrosion_detection-unzub_Bolts-in-non-salt-water-environments-and-not-in-constant-contact-with-water--such-as-this-one--are-more-than-likely-just-rusty-and-safe-for-climbing-_jpg.rf.2302c4f0d4e3e6b3a6b12b6fa3ada02d.jpg,8,6,2,0.85,"[{""class"": ""corrosion"", ""confidence"": 0.85, ""bbox"": [0.482, 0.2079, 0.5625, 0.1274]}, {""class"": ""corrosion"", ""confidence"": 0.85, ""bbox"": [0.0913, 0.2656, 0.0877, 0.3846]}, {""class"": ""corrosion"", ""confidence"": 0.85, ""bbox"": [0.5337, 0.4171, 0.2019, 0.1364]}, {""class"": ""corrosion"", ""confidence"": 0.85, ""bbox"": [0.8498, 0.5781, 0.1707, 0.6328]}, {""class"": ""crack"", ""confidence"": 0.85, ""bbox"": [0.0625, 0.6635, 0.0974, 0.0974]}, {""class"": ""corrosion"", ""confidence"": 0.85, ""bbox"": [0.1851, 0.768, 0.0865, 0.1508]}, {""class"": ""corrosion"", ""confidence"": 0.85, ""bbox"": [0.5024, 0.7825, 0.4129, 0.1298]}, {""class"": ""crack"", ""confidence"": 0.85, ""bbox"": [0.1623, 0.9327, 0.0787, 0.0685]}]"
SITE0045,corrosion-and-cracks-kuvur_corrosion-62-_jpeg.rf.79a4f977b4fdc01b014033dabce6d279.jpg,0,0,0,0.0,[]
SITE0046,corrosion_detection-unzub_blog-31-4-statistics-on-galvanic-corrosion_jpg.rf.0d44539a26c12098d7eac3ecf1fdd135.jpg,12,12,0,0.85,"[{""class"": ""corrosion"", ""confidence"": 0.85, ""bbox"": [0.3413, 0.1719, 0.1256, 0.146]}, {""class"": ""corrosion"", ""confidence"": 0.85, ""bbox"": [0.5841, 0.1731, 0.1106, 0.134]}, {""class"": ""corrosion"", ""confidence"": 0.85, ""bbox"": [0.869, 0.2404, 0.146, 0.0781]}, {""class"": ""corrosion"", ""confidence"": 0.85, ""bbox"": [0.5024, 0.3582, 0.0385, 0.1821]}, {""class"": ""corrosion"", ""confidence"": 0.85, ""bbox"": [0.405, 0.3906, 0.0986, 0.1562]}, {""class"": ""corrosion"", ""confidence"": 0.85, ""bbox"": [0.6995, 0.4062, 0.119, 0.1965]}, {""class"": ""corrosion"", ""confidence"": 0.85, ""bbox"": [0.9075, 0.5481, 0.1034, 0.4219]}, {""class"": ""corrosion"", ""confidence"": 0.85, ""bbox"": [0.7175, 0.0697, 0.1412, 0.0919]}, {""class"": ""corrosion"", ""confidence"": 0.85, ""bbox"": [0.744, 0.7296, 0.1076, 0.2194]}, {""class"": ""corrosion"", ""confidence"": 0.85, ""bbox"": [0.2115, 0.0998, 0.0919, 0.1082]}, {""class"": ""corrosion"", ""confidence"": 0.85, ""bbox"": [0.47, 0.1046, 0.0258, 0.1172]}, {""class"": ""corrosion"", ""confidence"": 0.85, ""bbox"": [0.8954, 0.143, 0.0625, 0.0793]}]"
SITE0047,corrosion-and-cracks-kuvur_corrosion-16-_jpeg.rf.b89aa6c01264061f4a363caf13dbc6fe.jpg,0,0,0,0.0,[]
SITE0048,corrosion-and-cracks-kuvur_corrosion-44-_jpeg.rf.bb748a84146d3ea76e2d86079560daa7.jpg,0,0,0,0.0,[]
SITE0049,corrosion-and-cracks-kuvur_corrosion-44-_jpeg.rf.e5f8fc2a4b8bc959fc758adb322a53df.jpg,0,0,0,0.0,[]
SITE0050,corrosion_detection-unzub_Galvanic-corrosion-on-mask2_jpg.rf.c8331f260e48684332e3278721660a5d.jpg,0,0,0,0.0,[]
SITE0051,corrosion_detection-unzub_corrosion-metal-rusty-pipe-corrosion-metal-rusty-pipe-abandoned-pier-237028044_jpg.rf.233614e4401886136209a420389fbfa4.jpg,7,7,0,0.85,"[{""class"": ""corrosion"", ""confidence"": 0.85, ""bbox"": [0.9591, 0.3498, 0.0673, 0.1665]}, {""class"": ""corrosion"", ""confidence"": 0.85, ""bbox"": [0.6995, 0.387, 0.0859, 0.0475]}, {""class"": ""corrosion"", ""confidence"": 0.85, ""bbox"": [0.8245, 0.5276, 0.0956, 0.0655]}, {""class"": ""corrosion"", ""confidence"": 0.85, ""bbox"": [0.7332, 0.5601, 0.0252, 0.0769]}, {""class"": ""corrosion"", ""confidence"": 0.85, ""bbox"": [0.5565, 0.637, 0.0817, 0.0829]}, {""class"": ""corrosion"", ""confidence"": 0.85, ""bbox"": [0.3966, 0.6755, 0.0715, 0.1478]}, {""class"": ""corrosion"", ""confidence"": 0.85, ""bbox"": [0.3029, 0.7332, 0.0769, 0.0829]}]"
SITE0052,corrosion-and-cracks-kuvur_corrosion-73-_jpeg.rf.3675195e059111af178e8d4e70e4250d.jpg,0,0,0,0.0,[]
SITE0053,corrosion-and-cracks-kuvur_corrosion-19-_jpeg.rf.f50af082956be3007f97190bc97e4709.jpg,0,0,0,0.0,[]
SITE0054,corrosion_detection-unzub_main-qimg-7c290a54e6fe1a059923ceebbf167164-lq_jpg.rf.81cedab94eec1d07aefaa8c8b56b65f9.jpg,8,8,0,0.85,"[{""class"": ""corrosion"", ""confidence"": 0.85, ""bbox"": [0.0613, 0.2464, 0.0835, 0.4663]}, {""class"": ""corrosion"", ""confidence"": 0.85, ""bbox"": [0.887, 0.399, 0.0709, 0.7939]}, {""class"": ""corrosion"", ""confidence"": 0.85, ""bbox"": [0.4543, 0.4784, 0.0613, 0.1052]}, {""class"": ""corrosion"", ""confidence"": 0.85, ""bbox"": [0.0325, 0.5853, 0.0499, 0.1124]}, {""class"": ""corrosion"", ""confidence"": 0.85, ""bbox"": [0.0517, 0.78, 0.0931, 0.1376]}, {""class"": ""corrosion"", ""confidence"": 0.85, ""bbox"": [0.1695, 0.8846, 0.0721, 0.1208]}, {""class"": ""corrosion"", ""confidence"": 0.85, ""bbox"": [0.4675, 0.143, 0.0385, 0.2758]}, {""class"": ""corrosion"", ""confidence"": 0.85, ""bbox"": [0.1947, 0.1538, 0.0865, 0.1106]}]"
SITE0055,corrosion_detection-unzub_Steel-rivets-on-a-copper-bar-submerged-in-3--sodium-chloride-solution-after-six-months_jpg.rf.900a19bf4d2d976e21ee9f2552602736.jpg,8,8,0,0.85,"[{""class"": ""corrosion"", ""confidence"": 0.85, ""bbox"": [0.5, 0.7332, 0.9952, 0.101]}, {""class"": ""corrosion"", ""confidence"": 0.85, ""bbox"": [0.1466, 0.3005, 0.0583, 0.1106]}, {""class"": ""corrosion"", ""confidence"": 0.85, ""bbox"": [0.4712, 0.3197, 0.1388, 0.1202]}, {""class"": ""corrosion"", ""confidence"": 0.85, ""bbox"": [0.0733, 0.3245, 0.0415, 0.1394]}, {""class"": ""corrosion"", ""confidence"": 0.85, ""bbox"": [0.8041, 0.3329, 0.0451, 0.146]}, {""class"": ""corrosion"", ""confidence"": 0.85, ""bbox"": [0.119, 0.482, 0.0697, 0.125]}, {""class"": ""corrosion"", ""confidence"": 0.85, ""bbox"": [0.8486, 0.4856, 0.0535, 0.1106]}, {""class"": ""corrosion"", ""confidence"": 0.85, ""bbox"": [0.4808, 0.4904, 0.0571, 0.1202]}]"
SITE0056,corrosion_detection-unzub_A-multi-metal-contact-point-copper-iron-and-stainless-steel-with-paint-coating-layers_png.rf.7d9d2e913ed1a02a3af4689dd913c815.jpg,5,5,0,0.85,"[{""class"": ""corrosion"", ""confidence"": 0.85, ""bbox"": [0.3558, 0.3642, 0.1677, 0.0847]}, {""class"": ""corrosion"", ""confidence"": 0.85, ""bbox"": [0.6575, 0.3774, 0.1899, 0.0907]}, {""class"": ""corrosion"", ""confidence"": 0.85, ""bbox"": [0.5, 0.47, 0.125, 0.0787]}, {""class"": ""corrosion"", ""confidence"": 0.85, ""bbox"": [0.3438, 0.5685, 0.1629, 0.1082]}, {""class"": ""corrosion"", ""confidence"": 0.85, ""bbox"": [0.6454, 0.5889, 0.1508, 0.0763]}]"
SITE0057,corrosion_detection-unzub_Pitting-corrosion-on-the-wall-of-an-Cr18-Ni10-austenitic-stainless-steel-tank-_jpg.rf.e84de6d7abfc1baeedfdddb2ed959039.jpg,11,0,11,0.85,"[{""class"": ""crack"", ""confidence"": 0.85, ""bbox"": [0.268, 0.2812, 0.0403, 0.241]}, {""class"": ""crack"", ""confidence"": 0.85, ""bbox"": [0.9351, 0.3137, 0.0823, 0.0745]}, {""class"": ""crack"", ""confidence"": 0.85, ""bbox"": [0.0337, 0.3185, 0.018, 0.4886]}, {""class"": ""crack"", ""confidence"": 0.85, ""bbox"": [0.8173, 0.4231, 0.1358, 0.0781]}, {""class"": ""crack"", ""confidence"": 0.85, ""bbox"": [0.6815, 0.4832, 0.0841, 0.0769]}, {""class"": ""crack"", ""confidence"": 0.85, ""bbox"": [0.2909, 0.4832, 0.015, 0.1496]}, {""class"": ""crack"", ""confidence"": 0.85, ""bbox"": [0.6731, 0.4892, 0.0715, 0.0931]}, {""class"": ""crack"", ""confidence"": 0.85, ""bbox"": [0.5168, 0.5577, 0.2248, 0.1004]}, {""class"": ""crack"", ""confidence"": 0.85, ""bbox"": [0.3329, 0.607, 0.1316, 0.0451]}, {""class"": ""crack"", ""confidence"": 0.85, ""bbox"": [0.2861, 0.768, 0.0198, 0.2043]}, {""class"": ""crack"", ""confidence"": 0.85, ""bbox"": [0.0276, 0.7933, 0.0126, 0.1394]}]"
SITE0058,corrosion_detection-unzub_408x240p204x120_jpg.rf.d675d807ea5d612296c4d4cc35c854f4.jpg,9,9,0,0.85,"[{""class"": ""corrosion"", ""confidence"": 0.85, ""bbox"": [0.506, 0.4207, 0.0463, 0.0517]}, {""class"": ""corrosion"", ""confidence"": 0.85, ""bbox"": [0.1899, 0.5673, 0.1677, 0.1448]}, {""class"": ""corrosion"", ""confidence"": 0.85, ""bbox"": [0.6454, 0.5901, 0.2764, 0.0793]}, {""class"": ""corrosion"", ""confidence"": 0.85, ""bbox"": [0.8666, 0.762, 0.0511, 0.0823]}, {""class"": ""corrosion"", ""confidence"": 0.85, ""bbox"": [0.6226, 0.7752, 0.2788, 0.1587]}, {""class"": ""corrosion"", ""confidence"": 0.85, ""bbox"": [0.9495, 0.8834, 0.0427, 0.1082]}, {""class"": ""corrosion"", ""confidence"": 0.85, ""bbox"": [0.2921, 0.9123, 0.3239, 0.1418]}, {""class"": ""corrosion"", ""confidence"": 0.85, ""bbox"": [0.2993, 0.1731, 0.0355, 0.2698]}, {""class"": ""corrosion"", ""confidence"": 0.85, ""bbox"": [0.1707, 0.2091, 0.1821, 0.3708]}]"
SITE0059,corrosion_detection-unzub_Crevice-corrosion-occurs-in-areas-of-restricted-geometries--However--the-strategies-that-deal-with-it-depend-on-the-affected-materials-and-operating-mechanisms-_jpg.rf.a63192db550a9d51227467e9b38e9ac0.jpg,4,4,0,0.85,"[{""class"": ""corrosion"", ""confidence"": 0.85, ""bbox"": [0.3942, 0.3029, 0.0853, 0.0811]}, {""class"": ""corrosion"", ""confidence"": 0.85, ""bbox"": [0.3798, 0.0505, 0.0661, 0.0811]}, {""class"": ""corrosion"", ""confidence"": 0.85, ""bbox"": [0.5024, 0.5445, 0.9862, 0.2115]}, {""class"": ""corrosion"", ""confidence"": 0.85, ""bbox"": [0.655, 0.1887, 0.1322, 0.1827]}]"
SITE0060,corrosion-and-cracks-kuvur_corrosion-37-_jpeg.rf.74d6d2285600c1856e175cb377e43f49.jpg,0,0,0,0.0,[]
SITE0061,corrosion-and-cracks-kuvur_corrosion-4-_jpeg.rf.a80a982df2f3182563af7d44c4b0dcb4.jpg,0,0,0,0.0,[]
SITE0062,corrosion-and-cracks-kuvur_corrosion-62-_jpeg.rf.79a4f977b4fdc01b014033dabce6d279.jpg,0,0,0,0.0,[]
SITE0063,corrosion_detection-unzub_Adjacent-picture-shows-a-classic-example-of-galvanic-corrosion--a-stainless-steel-screw-in-contact-with-a-cadmium-plated-steel-washer-_jpg.rf.7f47419c6526a5a0675b5cf2dc094d32.jpg,9,7,2,0.85,"[{""class"": ""corrosion"", ""confidence"": 0.85, ""bbox"": [0.5793, 0.4026, 0.1244, 0.2019]}, {""class"": ""corrosion"", ""confidence"": 0.85, ""bbox"": [0.4002, 0.4038, 0.1755, 0.2157]}, {""class"": ""corrosion"", ""confidence"": 0.85, ""bbox"": [0.9351, 0.4531, 0.119, 0.7001]}, {""class"": ""corrosion"", ""confidence"": 0.85, ""bbox"": [0.4724, 0.5445, 0.351, 0.0337]}, {""class"": ""corrosion"", ""confidence"": 0.85, ""bbox"": [0.6719, 0.6346, 0.0216, 0.2362]}, {""class"": ""corrosion"", ""confidence"": 0.85, ""bbox"": [0.5565, 0.6671, 0.1761, 0.1845]}, {""class"": ""corrosion"", ""confidence"": 0.85, ""bbox"": [0.3774, 0.6719, 0.1593, 0.1893]}, {""class"": ""crack"", ""confidence"": 0.85, ""bbox"": [0.649, 0.9471, 0.0974, 0.0529]}, {""class"": ""crack"", ""confidence"": 0.85, ""bbox"": [0.5445, 0.9724, 0.0889, 0.0451]}]"
SITE0064,pipe-defects-ybzjr_a4b8bfb5a418bf33304750f0c42f01a0_jpg.rf.9811b762f9bb5a0996176973ff72b5c4.jpg,14,13,1,0.85,"[{""class"": ""crack"", ""confidence"": 0.85, ""bbox"": [0.3203, 0.4691, 0.1168, 0.135]}, {""class"": ""corrosion"", ""confidence"": 0.85, ""bbox"": [0.9172, 0.3294, 0.0107, 0.0495]}, {""class"": ""corrosion"", ""confidence"": 0.85, ""bbox"": [0.877, 0.7614, 0.0212, 0.0514]}, {""class"": ""corrosion"", ""confidence"": 0.85, ""bbox"": [0.8809, 0.8193, 0.031, 0.0641]}, {""class"": ""corrosion"", ""confidence"": 0.85, ""bbox"": [0.895, 0.8893, 0.03, 0.0749]}, {""class"": ""corrosion"", ""confidence"": 0.85, ""bbox"": [0.8984, 0.7786, 0.01, 0.0166]}, {""class"": ""corrosion"", ""confidence"": 0.85, ""bbox"": [0.9004, 0.8128, 0.01, 0.0186]}, {""class"": ""corrosion"", ""confidence"": 0.85, ""bbox"": [0.9082, 0.971, 0.0305, 0.0537]}, {""class"": ""corrosion"", ""confidence"": 0.85, ""bbox"": [0.8521, 0.7448, 0.01, 0.01]}, {""class"": ""corrosion"", ""confidence"": 0.85, ""bbox"": [0.8521, 0.7568, 0.01, 0.01]}, {""class"": ""corrosion"", ""confidence"": 0.85, ""bbox"": [0.8562, 0.7607, 0.01, 0.0156]}, {""class"": ""corrosion"", ""confidence"": 0.85, ""bbox"": [0.856, 0.7295, 0.01, 0.0234]}, {""class"": ""corrosion"", ""confidence"": 0.85, ""bbox"": [0.866, 0.7191, 0.0168, 0.0189]}, {""class"": ""corrosion"", ""confidence"": 0.85, ""bbox"": [0.8677, 0.7354, 0.0107, 0.0234]}]"
SITE0065,pipe-defects-ybzjr_fig-6-pinhole-leaks-in-copper-tubing_jpg.rf.f71f0cf56237645918ab6076d7c7ff52.jpg,9,9,0,0.85,"[{""class"": ""corrosion"", ""confidence"": 0.85, ""bbox"": [0.3513, 0.4534, 0.0458, 0.0772]}, {""class"": ""corrosion"", ""confidence"": 0.85, ""bbox"": [0.3292, 0.3775, 0.0294, 0.0674]}, {""class"": ""corrosion"", ""confidence"": 0.85, ""bbox"": [0.3015, 0.3775, 0.0449, 0.0931]}, {""class"": ""corrosion"", ""confidence"": 0.85, ""bbox"": [0.7384, 0.2781, 0.1011, 0.0917]}, {""class"": ""corrosion"", ""confidence"": 0.85, ""bbox"": [0.4379, 0.9056, 0.0392, 0.0662]}, {""class"": ""corrosion"", ""confidence"": 0.85, ""bbox"": [0.2595, 0.8325, 0.0487, 0.0638]}, {""class"": ""corrosion"", ""confidence"": 0.85, ""bbox"": [0.3033, 0.8848, 0.0513, 0.0763]}, {""class"": ""corrosion"", ""confidence"": 0.85, ""bbox"": [0.2039, 0.8468, 0.0493, 0.0712]}, {""class"": ""corrosion"", ""confidence"": 0.85, ""bbox"": [0.0899, 0.8493, 0.1797, 0.2966]}]"
SITE0066,corrosion_detection-unzub_main-qimg-dd1c9e2f7bbbaf14ab142360f5cb6b03-lq_jpg.rf.5d06d7dacfb7124dc3b6b03c353c954d.jpg,4,3,1,0.85,"[{""class"": ""corrosion"", ""confidence"": 0.85, ""bbox"": [0.5072, 0.5589, 0.2398, 0.1701]}, {""class"": ""corrosion"", ""confidence"": 0.85, ""bbox"": [0.1286, 0.5853, 0.2001, 0.6653]}, {""class"": ""corrosion"", ""confidence"": 0.85, ""bbox"": [0.8738, 0.6851, 0.1899, 0.5709]}, {""class"": ""crack"", ""confidence"": 0.85, ""bbox"": [0.619, 0.1947, 0.2674, 0.0721]}]"
SITE0067,corrosion_detection-unzub_surface-cast-iron-corrosion-pitted-260nw-1586460964_jpg.rf.f15b04c98a8af528d7a1116f55c9e2b5.jpg,3,2,1,0.85,"[{""class"": ""corrosion"", ""confidence"": 0.85, ""bbox"": [0.3594, 0.5986, 0.149, 0.2542]}, {""class"": ""crack"", ""confidence"": 0.85, ""bbox"": [0.875, 0.637, 0.1677, 0.1478]}, {""class"": ""corrosion"", ""confidence"": 0.85, ""bbox"": [0.5337, 0.2308, 0.1166, 0.2025]}]"
SITE0068,corrosion-and-cracks-kuvur_corrosion-39-_jpeg.rf.656804bf8227fddbca6902c3aed9f43d.jpg,0,0,0,0.0,[]
SITE0069,corrosion-and-cracks-kuvur_corrosion-45-_jpeg.rf.3c921dbcec8f5f55e4a6928afca8880e.jpg,0,0,0,0.0,[]
SITE0070,corrosion-and-cracks-kuvur_corrosion-12-_jpeg.rf.ca4526b6bae9152fb2f60bf8e47d2475.jpg,0,0,0,0.0,[]
SITE0071,corrosion_detection-unzub_Pitting-corrosion-on-the-wall-of-an-Cr18-Ni10-austenitic-stainless-steel-tank-_jpg.rf.e84de6d7abfc1baeedfdddb2ed959039.jpg,11,0,11,0.85,"[{""class"": ""crack"", ""confidence"": 0.85, ""bbox"": [0.268, 0.2812, 0.0403, 0.241]}, {""class"": ""crack"", ""confidence"": 0.85, ""bbox"": [0.9351, 0.3137, 0.0823, 0.0745]}, {""class"": ""crack"", ""confidence"": 0.85, ""bbox"": [0.0337, 0.3185, 0.018, 0.4886]}, {""class"": ""crack"", ""confidence"": 0.85, ""bbox"": [0.8173, 0.4231, 0.1358, 0.0781]}, {""class"": ""crack"", ""confidence"": 0.85, ""bbox"": [0.6815, 0.4832, 0.0841, 0.0769]}, {""class"": ""crack"", ""confidence"": 0.85, ""bbox"": [0.2909, 0.4832, 0.015, 0.1496]}, {""class"": ""crack"", ""confidence"": 0.85, ""bbox"": [0.6731, 0.4892, 0.0715, 0.0931]}, {""class"": ""crack"", ""confidence"": 0.85, ""bbox"": [0.5168, 0.5577, 0.2248, 0.1004]}, {""class"": ""crack"", ""confidence"": 0.85, ""bbox"": [0.3329, 0.607, 0.1316, 0.0451]}, {""class"": ""crack"", ""confidence"": 0.85, ""bbox"": [0.2861, 0.768, 0.0198, 0.2043]}, {""class"": ""crack"", ""confidence"": 0.85, ""bbox"": [0.0276, 0.7933, 0.0126, 0.1394]}]"
SITE0072,pipe-defects-ybzjr_istockphoto-457074307-612x612_jpg.rf.4e259c1f26d58c93f6399f73d7b5df3b.jpg,5,4,1,0.85,"[{""class"": ""corrosion"", ""confidence"": 0.85, ""bbox"": [0.888, 0.7277, 0.0419, 0.0516]}, {""class"": ""corrosion"", ""confidence"": 0.85, ""bbox"": [0.8654, 0.7666, 0.0351, 0.0542]}, {""class"": ""corrosion"", ""confidence"": 0.85, ""bbox"": [0.8178, 0.7514, 0.0566, 0.073]}, {""class"": ""corrosion"", ""confidence"": 0.85, ""bbox"": [0.8187, 0.5853, 0.0551, 0.0822]}, {""class"": ""crack"", ""confidence"": 0.85, ""bbox"": [0.8265, 0.5102, 0.0718, 0.0408]}]"
SITE0073,corrosion_detection-unzub_Severe-pitting-and-corrosion-to-the-heat-exchanger_jpg.rf.272ea569688feb91a5029a28ae2fb15f.jpg,18,18,0,0.85,"[{""class"": ""corrosion"", ""confidence"": 0.85, ""bbox"": [0.3918, 0.2584, 0.4075, 0.128]}, {""class"": ""corrosion"", ""confidence"": 0.85, ""bbox"": [0.7752, 0.2812, 0.0481, 0.0427]}, {""class"": ""corrosion"", ""confidence"": 0.85, ""bbox"": [0.2728, 0.0361, 0.0385, 0.0523]}, {""class"": ""corrosion"", ""confidence"": 0.85, ""bbox"": [0.2224, 0.381, 0.104, 0.0625]}, {""class"": ""corrosion"", ""confidence"": 0.85, ""bbox"": [0.488, 0.4243, 0.3948, 0.0559]}, {""class"": ""corrosion"", ""confidence"": 0.85, ""bbox"": [0.8101, 0.4964, 0.0631, 0.0337]}, {""class"": ""corrosion"", ""confidence"": 0.85, ""bbox"": [0.3257, 0.524, 0.0769, 0.0523]}, {""class"": ""corrosion"", ""confidence"": 0.85, ""bbox"": [0.5613, 0.5264, 0.3293, 0.0571]}, {""class"": ""corrosion"", ""confidence"": 0.85, ""bbox"": [0.1887, 0.5938, 0.0258, 0.1965]}, {""class"": ""corrosion"", ""confidence"": 0.85, ""bbox"": [0.2656, 0.6262, 0.0559, 0.0769]}, {""class"": ""corrosion"", ""confidence"": 0.85, ""bbox"": [0.4002, 0.6719, 0.1569, 0.0739]}, {""class"": ""corrosion"", ""confidence"": 0.85, ""bbox"": [0.7933, 0.7103, 0.0667, 0.0288]}, {""class"": ""corrosion"", ""confidence"": 0.85, ""bbox"": [0.6178, 0.7572, 0.0865, 0.1214]}, {""class"": ""corrosion"", ""confidence"": 0.85, ""bbox"": [0.3474, 0.8666, 0.0415, 0.0883]}, {""class"": ""corrosion"", ""confidence"": 0.85, ""bbox"": [0.7151, 0.0877, 0.0385, 0.0367]}, {""class"": ""corrosion"", ""confidence"": 0.85, ""bbox"": [0.75, 0.881, 0.0667, 0.0337]}, {""class"": ""corrosion"", ""confidence"": 0.85, ""bbox"": [0.631, 0.8834, 0.0433, 0.0505]}, {""class"": ""corrosion"", ""confidence"": 0.85, ""bbox"": [0.8173, 0.9579, 0.0246, 0.0793]}]"
SITE0074,corrosion_detection-unzub_Galvanic-Corrosion-Corrosion-with-an-Electric-Edge_jpg.rf.da3c21c70a91e968048d33533f828501.jpg,10,10,0,0.85,"[{""class"": ""corrosion"", ""confidence"": 0.85, ""bbox"": [0.8305, 0.3221, 0.0264, 0.0427]}, {""class"": ""corrosion"", ""confidence"": 0.85, ""bbox"": [0.1947, 0.3474, 0.015, 0.1749]}, {""class"": ""corrosion"", ""confidence"": 0.85, ""bbox"": [0.774, 0.3918, 0.0276, 0.0349]}, {""class"": ""corrosion"", ""confidence"": 0.85, ""bbox"": [0.8257, 0.3954, 0.0216, 0.0385]}, {""class"": ""corrosion"", ""confidence"": 0.85, ""bbox"": [0.7704, 0.4688, 0.021, 0.0421]}, {""class"": ""corrosion"", ""confidence"": 0.85, ""bbox"": [0.8209, 0.4736, 0.0264, 0.0439]}, {""class"": ""corrosion"", ""confidence"": 0.85, ""bbox"": [0.3474, 0.7704, 0.1569, 0.1653]}, {""class"": ""corrosion"", ""confidence"": 0.85, ""bbox"": [0.4796, 0.7849, 0.0721, 0.101]}, {""class"": ""corrosion"", ""confidence"": 0.85, ""bbox"": [0.5505, 0.9195, 0.1154, 0.146]}, {""class"": ""corrosion"", ""confidence"": 0.85, ""bbox"": [0.3486, 0.9243, 0.1538, 0.0793]}]"
SITE0075,corrosion_detection-unzub_download2_jpg.rf.6aadf7c9e0732766f1094dc8e2a9528f.jpg,9,3,6,0.85,"[{""class"": ""corrosion"", ""confidence"": 0.85, ""bbox"": [0.7296, 0.4267, 0.1611, 0.0457]}, {""class"": ""crack"", ""confidence"": 0.85, ""bbox"": [0.6298, 0.5312, 0.0757, 0.0871]}, {""class"": ""crack"", ""confidence"": 0.85, ""bbox"": [0.5168, 0.6214, 0.1388, 0.0751]}, {""class"": ""crack"", ""confidence"": 0.85, ""bbox"": [0.4195, 0.7055, 0.1376, 0.0595]}, {""class"": ""crack"", ""confidence"": 0.85, ""bbox"": [0.4171, 0.8678, 0.0745, 0.2308]}, {""class"": ""crack"", ""confidence"": 0.85, ""bbox"": [0.2993, 0.9099, 0.1376, 0.1376]}, {""class"": ""crack"", ""confidence"": 0.85, ""bbox"": [0.101, 0.9579, 0.1779, 0.0751]}, {""class"": ""corrosion"", ""confidence"": 0.85, ""bbox"": [0.7764, 0.2019, 0.1725, 0.3612]}, {""class"": ""corrosion"", ""confidence"": 0.85, ""bbox"": [0.6298, 0.3293, 0.0865, 0.1208]}]"
SITE0076,corrosion-and-cracks-kuvur_corrosion-45-_jpeg.rf.3c921dbcec8f5f55e4a6928afca8880e.jpg,0,0,0,0.0,[]
SITE0077,corrosion_detection-unzub_Setting-in-of-galvanic-corrosion-at-joints-of-different-metals-_jpg.rf.d4f2bb6703c7f1216a1d24dccd21fabd.jpg,0,0,0,0.0,[]
SITE0078,corrosion_detection-unzub_galvanic-corrosion_teahub-io-door-lock-_jpg.rf.fa758116bc3d88df0f0752b9de7e1db6.jpg,5,5,0,0.85,"[{""class"": ""corrosion"", ""confidence"": 0.85, ""bbox"": [0.4087, 0.405, 0.1046, 0.6665]}, {""class"": ""corrosion"", ""confidence"": 0.85, ""bbox"": [0.5132, 0.4543, 0.0986, 0.2151]}, {""class"": ""corrosion"", ""confidence"": 0.85, ""bbox"": [0.2861, 0.506, 0.0349, 0.0739]}, {""class"": ""corrosion"", ""confidence"": 0.85, ""bbox"": [0.2308, 0.6502, 0.0523, 0.2819]}, {""class"": ""corrosion"", ""confidence"": 0.85, ""bbox"": [0.2909, 0.738, 0.0349, 0.0727]}]"
SITE0079,corrosion-and-cracks-kuvur_corrosion-74-_jpeg.rf.cbd3ff320f71b2c2cf66f3d11171e975.jpg,0,0,0,0.0,[]
SITE0080,pipe-defects-ybzjr_2013-05-sc-verif-pipe_jpg.rf.02db95be1cbffff239e5e2fd62416c74.jpg,4,4,0,0.85,"[{""class"": ""corrosion"", ""confidence"": 0.85, ""bbox"": [0.4651, 0.5781, 0.0522, 0.0864]}, {""class"": ""corrosion"", ""confidence"": 0.85, ""bbox"": [0.4234, 0.9325, 0.1058, 0.0506]}, {""class"": ""corrosion"", ""confidence"": 0.85, ""bbox"": [0.9734, 0.925, 0.0522, 0.1489]}, {""class"": ""corrosion"", ""confidence"": 0.85, ""bbox"": [0.8372, 0.9269, 0.0567, 0.1072]}]"
SITE0081,corrosion-and-cracks-kuvur_corrosion-71-_jpeg.rf.752997f9e8f84ee6dfa9071127ac9f37.jpg,0,0,0,0.0,[]
SITE0082,corrosion-and-cracks-kuvur_corrosion-59-_jpeg.rf.48ceceea5ed8fafca6d60309ceca5014.jpg,1,1,0,0.85,"[{""class"": ""corrosion"", ""confidence"": 0.85, ""bbox"": [0.2227, 0.4805, 0.425, 0.6461]}]"
SITE0083,corrosion_detection-unzub_large-sacrificial-anode-on-steel-hull-of-canal-narrow-barge-boat-in-ETN2R5_jpg.rf.89e42e4adad513f47884a5f065fd6724.jpg,15,15,0,0.85,"[{""class"": ""corrosion"", ""confidence"": 0.85, ""bbox"": [0.1599, 0.238, 0.1376, 0.0523]}, {""class"": ""corrosion"", ""confidence"": 0.85, ""bbox"": [0.4099, 0.262, 0.2181, 0.024]}, {""class"": ""corrosion"", ""confidence"": 0.85, ""bbox"": [0.6755, 0.274, 0.1058, 0.0138]}, {""class"": ""corrosion"", ""confidence"": 0.85, ""bbox"": [0.3474, 0.3197, 0.0835, 0.0667]}, {""class"": ""corrosion"", ""confidence"": 0.85, ""bbox"": [0.4904, 0.3582, 0.0877, 0.0727]}, {""class"": ""corrosion"", ""confidence"": 0.85, ""bbox"": [0.6094, 0.393, 0.0547, 0.0577]}, {""class"": ""corrosion"", ""confidence"": 0.85, ""bbox"": [0.1418, 0.4279, 0.0817, 0.107]}, {""class"": ""corrosion"", ""confidence"": 0.85, ""bbox"": [0.3798, 0.4712, 0.0919, 0.1106]}, {""class"": ""corrosion"", ""confidence"": 0.85, ""bbox"": [0.6971, 0.4892, 0.0469, 0.1707]}, {""class"": ""corrosion"", ""confidence"": 0.85, ""bbox"": [0.8822, 0.4904, 0.0709, 0.1262]}, {""class"": ""corrosion"", ""confidence"": 0.85, ""bbox"": [0.0829, 0.631, 0.0673, 0.0992]}, {""class"": ""corrosion"", ""confidence"": 0.85, ""bbox"": [0.1971, 0.7464, 0.0679, 0.1028]}, {""class"": ""corrosion"", ""confidence"": 0.85, ""bbox"": [0.9062, 0.7716, 0.0583, 0.1436]}, {""class"": ""corrosion"", ""confidence"": 0.85, ""bbox"": [0.4243, 0.7981, 0.1298, 0.0583]}, {""class"": ""corrosion"", ""confidence"": 0.85, ""bbox"": [0.649, 0.7993, 0.0956, 0.0703]}]"
SITE0084,pipe-defects-ybzjr_broken-pipe_jpg.rf.f0794a6d700ea3990ba315c003ffff85.jpg,5,2,3,0.85,"[{""class"": ""crack"", ""confidence"": 0.85, ""bbox"": [0.7483, 0.1882, 0.2167, 0.06]}, {""class"": ""crack"", ""confidence"": 0.85, ""bbox"": [0.9106, 0.1545, 0.1767, 0.0691]}, {""class"": ""crack"", ""confidence"": 0.85, ""bbox"": [0.82, 0.2764, 0.3578, 0.0836]}, {""class"": ""corrosion"", ""confidence"": 0.85, ""bbox"": [0.2421, 0.786, 0.2796, 0.1379]}, {""class"": ""corrosion"", ""confidence"": 0.85, ""bbox"": [0.7872, 0.7364, 0.0444, 0.0845]}]"
SITE0085,pipe-defects-ybzjr_a4b8bfb5a418bf33304750f0c42f01a0_jpg.rf.9f778749daee24004f7284a4991c0cb0.jpg,4,3,1,0.85,"[{""class"": ""crack"", ""confidence"": 0.85, ""bbox"": [0.1814, 0.0358, 0.1372, 0.0716]}, {""class"": ""corrosion"", ""confidence"": 0.85, ""bbox"": [0.4192, 0.8906, 0.0928, 0.1325]}, {""class"": ""corrosion"", ""confidence"": 0.85, ""bbox"": [0.3022, 0.722, 0.376, 0.5247]}, {""class"": ""corrosion"", ""confidence"": 0.85, ""bbox"": [0.7446, 0.7275, 0.0581, 0.0882]}]"
SITE0086,corrosion_detection-unzub_corrosion-metal-rusty-bollard-abandoned-pier-221587764_jpg.rf.403b9b04082d1dd3ee477b5049e7e10d.jpg,12,8,4,0.85,"[{""class"": ""corrosion"", ""confidence"": 0.85, ""bbox"": [0.5385, 0.232, 0.1629, 0.024]}, {""class"": ""crack"", ""confidence"": 0.85, ""bbox"": [0.6983, 0.3185, 0.0126, 0.1106]}, {""class"": ""crack"", ""confidence"": 0.85, ""bbox"": [0.7536, 0.4123, 0.0114, 0.351]}, {""class"": ""crack"", ""confidence"": 0.85, ""bbox"": [0.4748, 0.4363, 0.0192, 0.2572]}, {""class"": ""corrosion"", ""confidence"": 0.85, ""bbox"": [0.8942, 0.4868, 0.0956, 0.0463]}, {""class"": ""corrosion"", ""confidence"": 0.85, ""bbox"": [0.7188, 0.6226, 0.0481, 0.0715]}, {""class"": ""crack"", ""confidence"": 0.85, ""bbox"": [0.4832, 0.6599, 0.0294, 0.1472]}, {""class"": ""corrosion"", ""confidence"": 0.85, ""bbox"": [0.9267, 0.6671, 0.1172, 0.0505]}, {""class"": ""corrosion"", ""confidence"": 0.85, ""bbox"": [0.5529, 0.7584, 0.0577, 0.0799]}, {""class"": ""corrosion"", ""confidence"": 0.85, ""bbox"": [0.7392, 0.7945, 0.1184, 0.2115]}, {""class"": ""corrosion"", ""confidence"": 0.85, ""bbox"": [0.5457, 0.905, 0.1058, 0.1857]}, {""class"": ""corrosion"", ""confidence"": 0.85, ""bbox"": [0.7392, 0.1827, 0.1472, 0.0391]}]"
SITE0087,corrosion-and-cracks-kuvur_corrosion-50-_jpeg.rf.22a2f1df5ce140ed99dfb0fcfaa08854.jpg,0,0,0,0.0,[]
SITE0088,corrosion_detection-unzub_images_jpg.rf.db415e20ed2d2552a1bc056d9fb95a72.jpg,7,7,0,0.85,"[{""class"": ""corrosion"", ""confidence"": 0.85, ""bbox"": [0.4736, 0.4928, 0.1112, 0.1298]}, {""class"": ""corrosion"", ""confidence"": 0.85, ""bbox"": [0.1635, 0.53, 0.134, 0.1154]}, {""class"": ""corrosion"", ""confidence"": 0.85, ""bbox"": [0.3161, 0.6298, 0.1076, 0.1154]}, {""class"": ""corrosion"", ""confidence"": 0.85, ""bbox"": [0.0877, 0.7284, 0.1328, 0.1406]}, {""class"": ""corrosion"", ""confidence"": 0.85, ""bbox"": [0.2812, 0.1262, 0.134, 0.1184]}, {""class"": ""corrosion"", ""confidence"": 0.85, ""bbox"": [0.4784, 0.2248, 0.1214, 0.137]}, {""class"": ""corrosion"", ""confidence"": 0.85, ""bbox"": [0.1947, 0.3089, 0.1442, 0.1268]}]"
SITE0089,corrosion_detection-unzub_Setting-in-of-galvanic-corrosion-at-joints-of-different-metals-_jpg.rf.693c7127a6ebbb7ed7c27d88ffc446de.jpg,0,0,0,0.0,[]
SITE0090,corrosion_detection-unzub_Bolts-in-non-salt-water-environments-and-not-in-constant-contact-with-water--such-as-this-one--are-more-than-likely-just-rusty-and-safe-for-climbing-_jpg.rf.5df06376155452ffce6406c563b855b9.jpg,8,6,2,0.85,"[{""class"": ""corrosion"", ""confidence"": 0.85, ""bbox"": [0.482, 0.2079, 0.5625, 0.1274]}, {""class"": ""corrosion"", ""confidence"": 0.85, ""bbox"": [0.0913, 0.2656, 0.0877, 0.3846]}, {""class"": ""corrosion"", ""confidence"": 0.85, ""bbox"": [0.5337, 0.4171, 0.2019, 0.1364]}, {""class"": ""corrosion"", ""confidence"": 0.85, ""bbox"": [0.8498, 0.5781, 0.1707, 0.6328]}, {""class"": ""crack"", ""confidence"": 0.85, ""bbox"": [0.0625, 0.6635, 0.0974, 0.0974]}, {""class"": ""corrosion"", ""confidence"": 0.85, ""bbox"": [0.1851, 0.768, 0.0865, 0.1508]}, {""class"": ""corrosion"", ""confidence"": 0.85, ""bbox"": [0.5024, 0.7825, 0.4129, 0.1298]}, {""class"": ""crack"", ""confidence"": 0.85, ""bbox"": [0.1623, 0.9327, 0.0787, 0.0685]}]"
SITE0091,corrosion-and-cracks-kuvur_corrosion-53-_jpeg.rf.e30648e2534476d98656f4e781d89e09.jpg,10,10,0,0.85,"[{""class"": ""corrosion"", ""confidence"": 0.85, ""bbox"": [0.4148, 0.2469, 0.0938, 0.0891]}, {""class"": ""corrosion"", ""confidence"": 0.85, ""bbox"": [0.3375, 0.5695, 0.0953, 0.1328]}, {""class"": ""corrosion"", ""confidence"": 0.85, ""bbox"": [0.9453, 0.6281, 0.1094, 0.1281]}, {""class"": ""corrosion"", ""confidence"": 0.85, ""bbox"": [0.407, 0.8562, 0.1172, 0.1469]}, {""class"": ""corrosion"", ""confidence"": 0.85, ""bbox"": [0.5789, 0.6406, 0.1125, 0.1266]}, {""class"": ""corrosion"", ""confidence"": 0.85, ""bbox"": [0.7227, 0.4594, 0.1, 0.1172]}, {""class"": ""corrosion"", ""confidence"": 0.85, ""bbox"": [0.8367, 0.1867, 0.1047, 0.1281]}, {""class"": ""corrosion"", ""confidence"": 0.85, ""bbox"": [0.3961, 0.3914, 0.0844, 0.1094]}, {""class"": ""corrosion"", ""confidence"": 0.85, ""bbox"": [0.1844, 0.7172, 0.0875, 0.1094]}, {""class"": ""corrosion"", ""confidence"": 0.85, ""bbox"": [0.4422, 0.7188, 0.0953, 0.0984]}]"
SITE0092,corrosion_detection-unzub_close-up-of-rusty-wheel-arches-on-a-silver-car-automobile-corrosion-and-the-effect-of-road-stock-images_csp92731156_jpg.rf.d4f96d9fc64971a2cf9d63721b129dd4.jpg,5,5,0,0.85,"[{""class"": ""corrosion"", ""confidence"": 0.85, ""bbox"": [0.3786, 0.4135, 0.2308, 0.0391]}, {""class"": ""corrosion"", ""confidence"": 0.85, ""bbox"": [0.6226, 0.47, 0.2061, 0.0433]}, {""class"": ""corrosion"", ""confidence"": 0.85, ""bbox"": [0.899, 0.5625, 0.1689, 0.0475]}, {""class"": ""corrosion"", ""confidence"": 0.85, ""bbox"": [0.8017, 0.7188, 0.1364, 0.0433]}, {""class"": ""corrosion"", ""confidence"": 0.85, ""bbox"": [0.1238, 0.3702, 0.2139, 0.0565]}]"
SITE0093,pipe-defects-ybzjr_istockphoto-457208459-612x612_jpg.rf.a4961bf1833804b0673ff9a89143ce26.jpg,0,0,0,0.0,[]
SITE0094,corrosion-and-cracks-kuvur_corrosion-21-_jpeg.rf.3ab17e169ab9b8cf8b0503752d79d2f7.jpg,0,0,0,0.0,[]
SITE0095,corrosion_detection-unzub_images_jpg.rf.63cf30a5daf24d2e345af11f0b4455f1.jpg,7,7,0,0.85,"[{""class"": ""corrosion"", ""confidence"": 0.85, ""bbox"": [0.5264, 0.4928, 0.1112, 0.1298]}, {""class"": ""corrosion"", ""confidence"": 0.85, ""bbox"": [0.8365, 0.53, 0.134, 0.1154]}, {""class"": ""corrosion"", ""confidence"": 0.85, ""bbox"": [0.6839, 0.6298, 0.1076, 0.1154]}, {""class"": ""corrosion"", ""confidence"": 0.85, ""bbox"": [0.9123, 0.7284, 0.1328, 0.1406]}, {""class"": ""corrosion"", ""confidence"": 0.85, ""bbox"": [0.7188, 0.1262, 0.134, 0.1184]}, {""class"": ""corrosion"", ""confidence"": 0.85, ""bbox"": [0.5216, 0.2248, 0.1214, 0.137]}, {""class"": ""corrosion"", ""confidence"": 0.85, ""bbox"": [0.8053, 0.3089, 0.1442, 0.1268]}]"
SITE0096,corrosion-and-cracks-kuvur_corrosion-75-_jpeg.rf.dc65cc82751608b5bbb401ffa481a582.jpg,0,0,0,0.0,[]
SITE0097,corrosion-and-cracks-kuvur_corrosion-39-_jpeg.rf.4e5e04c5de52db6df6b58ad304d32425.jpg,0,0,0,0.0,[]
SITE0098,corrosion-and-cracks-kuvur_corrosion-5-_jpeg.rf.8bce28dba3a39e00b3813dead01011b3.jpg,2,2,0,0.85,"[{""class"": ""corrosion"", ""confidence"": 0.85, ""bbox"": [0.3805, 0.5609, 0.2094, 0.443]}, {""class"": ""corrosion"", ""confidence"": 0.85, ""bbox"": [0.8508, 0.5125, 0.2742, 0.3773]}]"
SITE0099,corrosion-and-cracks-kuvur_corrosion-27-_jpeg.rf.3734556db6feaf2c6ab8a76cf748a6c7.jpg,0,0,0,0.0,[]
SITE0100,corrosion_detection-unzub_rspa20140254f01_jpg.rf.0efef08a3ac78e01c1f27fb2c76d9fe0.jpg,12,6,6,0.85,"[{""class"": ""corrosion"", ""confidence"": 0.85, ""bbox"": [0.2019, 0.2849, 0.1683, 0.1995]}, {""class"": ""corrosion"", ""confidence"": 0.85, ""bbox"": [0.7596, 0.3125, 0.0811, 0.0781]}, {""class"": ""corrosion"", ""confidence"": 0.85, ""bbox"": [0.6106, 0.3486, 0.143, 0.1154]}, {""class"": ""crack"", ""confidence"": 0.85, ""bbox"": [0.6334, 0.4615, 0.0691, 0.0781]}, {""class"": ""corrosion"", ""confidence"": 0.85, ""bbox"": [0.1827, 0.476, 0.0974, 0.149]}, {""class"": ""corrosion"", ""confidence"": 0.85, ""bbox"": [0.8341, 0.4832, 0.0721, 0.0805]}, {""class"": ""crack"", ""confidence"": 0.85, ""bbox"": [0.2885, 0.5228, 0.0373, 0.0992]}, {""class"": ""crack"", ""confidence"": 0.85, ""bbox"": [0.6599, 0.6238, 0.0481, 0.149]}, {""class"": ""crack"", ""confidence"": 0.85, ""bbox"": [0.232, 0.6851, 0.0337, 0.0901]}, {""class"": ""crack"", ""confidence"": 0.85, ""bbox"": [0.1166, 0.7139, 0.0577, 0.1382]}, {""class"": ""crack"", ""confidence"": 0.85, ""bbox"": [0.7332, 0.7849, 0.0445, 0.1466]}, {""class"": ""corrosion"", ""confidence"": 0.85, ""bbox"": [0.3546, 0.2019, 0.0986, 0.1052]}]"
SITE0101,corrosion-and-cracks-kuvur_corrosion-37-_jpeg.rf.74d6d2285600c1856e175cb377e43f49.jpg,0,0,0,0.0,[]
SITE0102,pipe-defects-ybzjr_istockphoto-459445883-612x612_jpg.rf.51c9112298a2b54a44cb869f037c6d4f.jpg,0,0,0,0.0,[]
SITE0103,corrosion-and-cracks-kuvur_corrosion-16-_jpeg.rf.9ed1b40b28438f965dc76fdd7910df1e.jpg,0,0,0,0.0,[]
SITE0104,corrosion_detection-unzub_XgwFu4rMj0aIPThJQJbUT92Ac0gTgc7c1607363452_jpg.rf.6df7d515dc6d83ebbbb89a0655e2cf54.jpg,22,22,0,0.85,"[{""class"": ""corrosion"", ""confidence"": 0.85, ""bbox"": [0.1935, 0.274, 0.0288, 0.0439]}, {""class"": ""corrosion"", ""confidence"": 0.85, ""bbox"": [0.2139, 0.4002, 0.0385, 0.0787]}, {""class"": ""corrosion"", ""confidence"": 0.85, ""bbox"": [0.5192, 0.4195, 0.0493, 0.0944]}, {""class"": ""corrosion"", ""confidence"": 0.85, ""bbox"": [0.5793, 0.4603, 0.0439, 0.0938]}, {""class"": ""corrosion"", ""confidence"": 0.85, ""bbox"": [0.5192, 0.4603, 0.0391, 0.0511]}, {""class"": ""corrosion"", ""confidence"": 0.85, ""bbox"": [0.5889, 0.4748, 0.0288, 0.0529]}, {""class"": ""corrosion"", ""confidence"": 0.85, ""bbox"": [0.6286, 0.4772, 0.0264, 0.0883]}, {""class"": ""corrosion"", ""confidence"": 0.85, ""bbox"": [0.8774, 0.5673, 0.0445, 0.0721]}, {""class"": ""corrosion"", ""confidence"": 0.85, ""bbox"": [0.6022, 0.5721, 0.0319, 0.0667]}, {""class"": ""corrosion"", ""confidence"": 0.85, ""bbox"": [0.131, 0.5721, 0.098, 0.241]}, {""class"": ""corrosion"", ""confidence"": 0.85, ""bbox"": [0.774, 0.5841, 0.0974, 0.3137]}, {""class"": ""corrosion"", ""confidence"": 0.85, ""bbox"": [0.97, 0.6046, 0.0403, 0.0505]}, {""class"": ""corrosion"", ""confidence"": 0.85, ""bbox"": [0.8425, 0.6454, 0.0312, 0.0463]}, {""class"": ""corrosion"", ""confidence"": 0.85, ""bbox"": [0.9243, 0.6562, 0.0264, 0.0294]}, {""class"": ""corrosion"", ""confidence"": 0.85, ""bbox"": [0.4483, 0.6635, 0.1172, 0.2596]}, {""class"": ""corrosion"", ""confidence"": 0.85, ""bbox"": [0.1983, 0.6755, 0.0264, 0.0523]}, {""class"": ""corrosion"", ""confidence"": 0.85, ""bbox"": [0.887, 0.6851, 0.0252, 0.0391]}, {""class"": ""corrosion"", ""confidence"": 0.85, ""bbox"": [0.8257, 0.7308, 0.0264, 0.0294]}, {""class"": ""corrosion"", ""confidence"": 0.85, ""bbox"": [0.7909, 0.7644, 0.0282, 0.0276]}, {""class"": ""corrosion"", ""confidence"": 0.85, ""bbox"": [0.3209, 0.8125, 0.0312, 0.0775]}, {""class"": ""corrosion"", ""confidence"": 0.85, ""bbox"": [0.5541, 0.8233, 0.0415, 0.0865]}, {""class"": ""corrosion"", ""confidence"": 0.85, ""bbox"": [0.4279, 0.8353, 0.1581, 0.0415]}]"
SITE0105,corrosion-and-cracks-kuvur_corrosion-74-_jpeg.rf.cbd3ff320f71b2c2cf66f3d11171e975.jpg,0,0,0,0.0,[]
SITE0106,corrosion_detection-unzub_pit-corrosion-in-aisi-rolled-steel_jpg.rf.aafb055a0b72349dd5f46a09276be230.jpg,12,12,0,0.85,"[{""class"": ""corrosion"", ""confidence"": 0.85, ""bbox"": [0.2512, 0.6538, 0.1364, 0.3023]}, {""class"": ""corrosion"", ""confidence"": 0.85, ""bbox"": [0.6767, 0.7139, 0.0817, 0.259]}, {""class"": ""corrosion"", ""confidence"": 0.85, ""bbox"": [0.8281, 0.8738, 0.0601, 0.1268]}, {""class"": ""corrosion"", ""confidence"": 0.85, ""bbox"": [0.4483, 0.9303, 0.2885, 0.0625]}, {""class"": ""corrosion"", ""confidence"": 0.85, ""bbox"": [0.5697, 0.1166, 0.1502, 0.1322]}, {""class"": ""corrosion"", ""confidence"": 0.85, ""bbox"": [0.3714, 0.2764, 0.0739, 0.1256]}, {""class"": ""corrosion"", ""confidence"": 0.85, ""bbox"": [0.2704, 0.3017, 0.0913, 0.1893]}, {""class"": ""corrosion"", ""confidence"": 0.85, ""bbox"": [0.8005, 0.3233, 0.1394, 0.3828]}, {""class"": ""corrosion"", ""confidence"": 0.85, ""bbox"": [0.6562, 0.3365, 0.0805, 0.2452]}, {""class"": ""corrosion"", ""confidence"": 0.85, ""bbox"": [0.9387, 0.5252, 0.104, 0.5463]}, {""class"": ""corrosion"", ""confidence"": 0.85, ""bbox"": [0.4868, 0.5697, 0.0451, 0.1689]}, {""class"": ""corrosion"", ""confidence"": 0.85, ""bbox"": [0.1082, 0.619, 0.0901, 0.2957]}]"
SITE0107,corrosion-and-cracks-kuvur_corrosion-24-_jpeg.rf.4181b39198e1a8f19000cf37dbf626c4.jpg,0,0,0,0.0,[]
SITE0108,corrosion_detection-unzub_image-4_jpg.rf.733cd152ba6b58c8a7aa5c4c5d68eedb.jpg,4,4,0,0.85,"[{""class"": ""corrosion"", ""confidence"": 0.85, ""bbox"": [0.2981, 0.3846, 0.0956, 0.0535]}, {""class"": ""corrosion"", ""confidence"": 0.85, ""bbox"": [0.2224, 0.4748, 0.0355, 0.1755]}, {""class"": ""corrosion"", ""confidence"": 0.85, ""bbox"": [0.3438, 0.4976, 0.0331, 0.1346]}, {""class"": ""corrosion"", ""confidence"": 0.85, ""bbox"": [0.2825, 0.5481, 0.0649, 0.0715]}]"
SITE0109,corrosion-and-cracks-kuvur_corrosion-62-_jpeg.rf.3fb47b88414544da64b1b72d8b5cdfd9.jpg,0,0,0,0.0,[]
SITE0110,corrosion-and-cracks-kuvur_corrosion-39-_jpeg.rf.d787bcb588519d9c9c79c84c382e0cfe.jpg,0,0,0,0.0,[]
SITE0111,corrosion_detection-unzub_Crevice-corrosion-of-metal-coupling-proximity_jpg.rf.c0921577ce2745f27c87642b28863fd7.jpg,11,6,5,0.85,"[{""class"": ""crack"", ""confidence"": 0.85, ""bbox"": [0.655, 0.4579, 0.0319, 0.2139]}, {""class"": ""corrosion"", ""confidence"": 0.85, ""bbox"": [0.7332, 0.494, 0.0481, 0.0547]}, {""class"": ""corrosion"", ""confidence"": 0.85, ""bbox"": [0.1599, 0.5661, 0.0415, 0.0625]}, {""class"": ""corrosion"", ""confidence"": 0.85, ""bbox"": [0.7103, 0.5733, 0.0577, 0.0559]}, {""class"": ""crack"", ""confidence"": 0.85, ""bbox"": [0.6214, 0.6058, 0.0415, 0.0577]}, {""class"": ""crack"", ""confidence"": 0.85, ""bbox"": [0.595, 0.6923, 0.0841, 0.0469]}, {""class"": ""crack"", ""confidence"": 0.85, ""bbox"": [0.3966, 0.7272, 0.2109, 0.0319]}, {""class"": ""corrosion"", ""confidence"": 0.85, ""bbox"": [0.3798, 0.7776, 0.0439, 0.024]}, {""class"": ""corrosion"", ""confidence"": 0.85, ""bbox"": [0.488, 0.7837, 0.1052, 0.0481]}, {""class"": ""corrosion"", ""confidence"": 0.85, ""bbox"": [0.2921, 0.1382, 0.0697, 0.0481]}, {""class"": ""crack"", ""confidence"": 0.85, ""bbox"": [0.476, 0.1755, 0.1292, 0.0445]}]"
SITE0112,corrosion_detection-unzub_main-qimg-dd1c9e2f7bbbaf14ab142360f5cb6b03-lq_jpg.rf.7d0aacc51e1788988bd7808e382a3751.jpg,4,3,1,0.85,"[{""class"": ""corrosion"", ""confidence"": 0.85, ""bbox"": [0.4928, 0.5589, 0.2398, 0.1701]}, {""class"": ""corrosion"", ""confidence"": 0.85, ""bbox"": [0.8714, 0.5853, 0.2001, 0.6653]}, {""class"": ""corrosion"", ""confidence"": 0.85, ""bbox"": [0.1262, 0.6851, 0.1899, 0.5709]}, {""class"": ""crack"", ""confidence"": 0.85, ""bbox"": [0.381, 0.1947, 0.2674, 0.0721]}]"
SITE0113,pipe-defects-ybzjr_20210213-122216-1A_Frozen-Pipes-2_jpg.rf.d0a12149a7c144bad03fb08e3bec1af3.jpg,4,3,1,0.85,"[{""class"": ""corrosion"", ""confidence"": 0.85, ""bbox"": [0.4082, 0.0903, 0.0898, 0.1785]}, {""class"": ""crack"", ""confidence"": 0.85, ""bbox"": [0.8808, 0.1599, 0.0876, 0.1147]}, {""class"": ""corrosion"", ""confidence"": 0.85, ""bbox"": [0.4423, 0.7668, 0.1605, 0.1627]}, {""class"": ""corrosion"", ""confidence"": 0.85, ""bbox"": [0.4392, 0.559, 0.1121, 0.108]}]"
SITE0114,pipe-defects-ybzjr_fig-6-pinhole-leaks-in-copper-tubing_jpg.rf.ac0e1e11dc0bfd03fae9219b99de513b.jpg,7,4,3,0.85,"[{""class"": ""corrosion"", ""confidence"": 0.85, ""bbox"": [0.1944, 0.3971, 0.0204, 0.076]}, {""class"": ""corrosion"", ""confidence"": 0.85, ""bbox"": [0.1732, 0.3689, 0.018, 0.0588]}, {""class"": ""corrosion"", ""confidence"": 0.85, ""bbox"": [0.1757, 0.3088, 0.0253, 0.0931]}, {""class"": ""crack"", ""confidence"": 0.85, ""bbox"": [0.1748, 0.6642, 0.0817, 0.2696]}, {""class"": ""crack"", ""confidence"": 0.85, ""bbox"": [0.248, 0.8445, 0.0769, 0.2954]}, {""class"": ""crack"", ""confidence"": 0.85, ""bbox"": [0.1029, 0.7635, 0.1373, 0.4681]}, {""class"": ""corrosion"", ""confidence"": 0.85, ""bbox"": [0.5735, 0.8064, 0.1234, 0.0723]}]"
SITE0115,corrosion-and-cracks-kuvur_corrosion-50-_jpeg.rf.22a2f1df5ce140ed99dfb0fcfaa08854.jpg,0,0,0,0.0,[]
SITE0116,pipe-defects-ybzjr_featured-image-burst-pipe-jpeg_jpg.rf.790094dc13e231a1a5c338f9a1f653c4.jpg,4,3,1,0.85,"[{""class"": ""crack"", ""confidence"": 0.85, ""bbox"": [0.3612, 0.1961, 0.2144, 0.1252]}, {""class"": ""corrosion"", ""confidence"": 0.85, ""bbox"": [0.903, 0.0773, 0.0426, 0.04]}, {""class"": ""corrosion"", ""confidence"": 0.85, ""bbox"": [0.9145, 0.1221, 0.0645, 0.0845]}, {""class"": ""corrosion"", ""confidence"": 0.85, ""bbox"": [0.7447, 0.2168, 0.0674, 0.0945]}]"
SITE0117,corrosion-and-cracks-kuvur_corrosion-21-_jpeg.rf.a9b02434ab74b855a57fd08533ea84bb.jpg,0,0,0,0.0,[]
SITE0118,corrosion_detection-unzub_Fig-2-Picture-of-crevice-corrosion-in-a-ball-valve-body-made-of-stainless-steel-316_png.rf.e1761d5f78e14270b4c012697f2bca99.jpg,13,13,0,0.85,"[{""class"": ""corrosion"", ""confidence"": 0.85, ""bbox"": [0.2043, 0.3582, 0.0733, 0.0907]}, {""class"": ""corrosion"", ""confidence"": 0.85, ""bbox"": [0.7776, 0.4099, 0.0703, 0.0992]}, {""class"": ""corrosion"", ""confidence"": 0.85, ""bbox"": [0.4651, 0.4291, 0.1322, 0.0799]}, {""class"": ""corrosion"", ""confidence"": 0.85, ""bbox"": [0.2825, 0.5192, 0.0511, 0.0811]}, {""class"": ""corrosion"", ""confidence"": 0.85, ""bbox"": [0.5913, 0.5216, 0.0769, 0.2494]}, {""class"": ""corrosion"", ""confidence"": 0.85, ""bbox"": [0.363, 0.5228, 0.0715, 0.152]}, {""class"": ""corrosion"", ""confidence"": 0.85, ""bbox"": [0.1947, 0.5901, 0.0673, 0.0625]}, {""class"": ""corrosion"", ""confidence"": 0.85, ""bbox"": [0.4663, 0.637, 0.1538, 0.0811]}, {""class"": ""corrosion"", ""confidence"": 0.85, ""bbox"": [0.6671, 0.7921, 0.0938, 0.0992]}, {""class"": ""corrosion"", ""confidence"": 0.85, ""bbox"": [0.3017, 0.8305, 0.0769, 0.0649]}, {""class"": ""corrosion"", ""confidence"": 0.85, ""bbox"": [0.5048, 0.1815, 0.0907, 0.1328]}, {""class"": ""corrosion"", ""confidence"": 0.85, ""bbox"": [0.8137, 0.2536, 0.0962, 0.0895]}, {""class"": ""corrosion"", ""confidence"": 0.85, ""bbox"": [0.6683, 0.28, 0.1238, 0.0799]}]"
SITE0119,corrosion_detection-unzub_rspa20140254f01_jpg.rf.214d5dcd4a9ee5253ae76202e38ec0e4.jpg,12,6,6,0.85,"[{""class"": ""corrosion"", ""confidence"": 0.85, ""bbox"": [0.7981, 0.2849, 0.1683, 0.1995]}, {""class"": ""corrosion"", ""confidence"": 0.85, ""bbox"": [0.2404, 0.3125, 0.0811, 0.0781]}, {""class"": ""corrosion"", ""confidence"": 0.85, ""bbox"": [0.3894, 0.3486, 0.143, 0.1154]}, {""class"": ""crack"", ""confidence"": 0.85, ""bbox"": [0.3666, 0.4615, 0.0691, 0.0781]}, {""class"": ""corrosion"", ""confidence"": 0.85, ""bbox"": [0.8173, 0.476, 0.0974, 0.149]}, {""class"": ""corrosion"", ""confidence"": 0.85, ""bbox"": [0.1659, 0.4832, 0.0721, 0.0805]}, {""class"": ""crack"", ""confidence"": 0.85, ""bbox"": [0.7115, 0.5228, 0.0373, 0.0992]}, {""class"": ""crack"", ""confidence"": 0.85, ""bbox"": [0.3401, 0.6238, 0.0481, 0.149]}, {""class"": ""crack"", ""confidence"": 0.85, ""bbox"": [0.768, 0.6851, 0.0337, 0.0901]}, {""class"": ""crack"", ""confidence"": 0.85, ""bbox"": [0.8834, 0.7139, 0.0577, 0.1382]}, {""class"": ""crack"", ""confidence"": 0.85, ""bbox"": [0.2668, 0.7849, 0.0445, 0.1466]}, {""class"": ""corrosion"", ""confidence"": 0.85, ""bbox"": [0.6454, 0.2019, 0.0986, 0.1052]}]"
SITE0120,corrosion_detection-unzub_Bolts-in-non-salt-water-environments-and-not-in-constant-contact-with-water--such-as-this-one--are-more-than-likely-just-rusty-and-safe-for-climbing-_jpg.rf.5df06376155452ffce6406c563b855b9.jpg,8,6,2,0.85,"[{""class"": ""corrosion"", ""confidence"": 0.85, ""bbox"": [0.482, 0.2079, 0.5625, 0.1274]}, {""class"": ""corrosion"", ""confidence"": 0.85, ""bbox"": [0.0913, 0.2656, 0.0877, 0.3846]}, {""class"": ""corrosion"", ""confidence"": 0.85, ""bbox"": [0.5337, 0.4171, 0.2019, 0.1364]}, {""class"": ""corrosion"", ""confidence"": 0.85, ""bbox"": [0.8498, 0.5781, 0.1707, 0.6328]}, {""class"": ""crack"", ""confidence"": 0.85, ""bbox"": [0.0625, 0.6635, 0.0974, 0.0974]}, {""class"": ""corrosion"", ""confidence"": 0.85, ""bbox"": [0.1851, 0.768, 0.0865, 0.1508]}, {""class"": ""corrosion"", ""confidence"": 0.85, ""bbox"": [0.5024, 0.7825, 0.4129, 0.1298]}, {""class"": ""crack"", ""confidence"": 0.85, ""bbox"": [0.1623, 0.9327, 0.0787, 0.0685]}]"
SITE0121,corrosion-and-cracks-kuvur_corrosion-6-_jpeg.rf.71779a71775f0ee2a9f9e4da81a4de9c.jpg,6,6,0,0.85,"[{""class"": ""corrosion"", ""confidence"": 0.85, ""bbox"": [0.3555, 0.625, 0.1609, 0.1555]}, {""class"": ""corrosion"", ""confidence"": 0.85, ""bbox"": [0.6086, 0.7469, 0.1516, 0.1445]}, {""class"": ""corrosion"", ""confidence"": 0.85, ""bbox"": [0.5789, 0.2758, 0.1469, 0.1602]}, {""class"": ""corrosion"", ""confidence"": 0.85, ""bbox"": [0.4188, 0.1891, 0.1453, 0.1219]}, {""class"": ""corrosion"", ""confidence"": 0.85, ""bbox"": [0.2531, 0.1477, 0.1187, 0.1109]}, {""class"": ""corrosion"", ""confidence"": 0.85, ""bbox"": [0.1852, 0.5734, 0.1766, 0.1305]}]"
SITE0122,corrosion_detection-unzub_the-prevention-of-corrosion-on-ships-deals-with-the-provision-of-protective-coating-for-the-ship-structure-steel-and-its-continued-maintenance-PDEH3D_jpg.rf.8a05aba41f90ef0238f581bc59b4bb89.jpg,9,9,0,0.85,"[{""class"": ""corrosion"", ""confidence"": 0.85, ""bbox"": [0.8329, 0.1959, 0.152, 0.1298]}, {""class"": ""corrosion"", ""confidence"": 0.85, ""bbox"": [0.3606, 0.2188, 0.0913, 0.1202]}, {""class"": ""corrosion"", ""confidence"": 0.85, ""bbox"": [0.4675, 0.2368, 0.0559, 0.0769]}, {""class"": ""corrosion"", ""confidence"": 0.85, ""bbox"": [0.9399, 0.3498, 0.0871, 0.0992]}, {""class"": ""corrosion"", ""confidence"": 0.85, ""bbox"": [0.5998, 0.3558, 0.0841, 0.0481]}, {""class"": ""corrosion"", ""confidence"": 0.85, ""bbox"": [0.8017, 0.4411, 0.0931, 0.104]}, {""class"": ""corrosion"", ""confidence"": 0.85, ""bbox"": [0.3546, 0.4675, 0.0847, 0.1466]}, {""class"": ""corrosion"", ""confidence"": 0.85, ""bbox"": [0.5228, 0.5084, 0.0913, 0.0553]}, {""class"": ""corrosion"", ""confidence"": 0.85, ""bbox"": [0.6466, 0.6875, 0.0487, 0.2698]}]"
SITE0123,corrosion_detection-unzub_rspa20140254f01_jpg.rf.0efef08a3ac78e01c1f27fb2c76d9fe0.jpg,12,6,6,0.85,"[{""class"": ""corrosion"", ""confidence"": 0.85, ""bbox"": [0.2019, 0.2849, 0.1683, 0.1995]}, {""class"": ""corrosion"", ""confidence"": 0.85, ""bbox"": [0.7596, 0.3125, 0.0811, 0.0781]}, {""class"": ""corrosion"", ""confidence"": 0.85, ""bbox"": [0.6106, 0.3486, 0.143, 0.1154]}, {""class"": ""crack"", ""confidence"": 0.85, ""bbox"": [0.6334, 0.4615, 0.0691, 0.0781]}, {""class"": ""corrosion"", ""confidence"": 0.85, ""bbox"": [0.1827, 0.476, 0.0974, 0.149]}, {""class"": ""corrosion"", ""confidence"": 0.85, ""bbox"": [0.8341, 0.4832, 0.0721, 0.0805]}, {""class"": ""crack"", ""confidence"": 0.85, ""bbox"": [0.2885, 0.5228, 0.0373, 0.0992]}, {""class"": ""crack"", ""confidence"": 0.85, ""bbox"": [0.6599, 0.6238, 0.0481, 0.149]}, {""class"": ""crack"", ""confidence"": 0.85, ""bbox"": [0.232, 0.6851, 0.0337, 0.0901]}, {""class"": ""crack"", ""confidence"": 0.85, ""bbox"": [0.1166, 0.7139, 0.0577, 0.1382]}, {""class"": ""crack"", ""confidence"": 0.85, ""bbox"": [0.7332, 0.7849, 0.0445, 0.1466]}, {""class"": ""corrosion"", ""confidence"": 0.85, ""bbox"": [0.3546, 0.2019, 0.0986, 0.1052]}]"
SITE0124,corrosion-and-cracks-kuvur_corrosion-62-_jpeg.rf.3fb47b88414544da64b1b72d8b5cdfd9.jpg,0,0,0,0.0,[]
SITE0125,corrosion-and-cracks-kuvur_corrosion-18-_jpeg.rf.bec8fef768832c05c5d93a422733e544.jpg,0,0,0,0.0,[]
SITE0126,corrosion-and-cracks-kuvur_corrosion-19-_jpeg.rf.0523b120146cab2b3c58f57d65c61208.jpg,0,0,0,0.0,[]
SITE0127,corrosion_detection-unzub_main-qimg-dd1c9e2f7bbbaf14ab142360f5cb6b03-lq_jpg.rf.5d06d7dacfb7124dc3b6b03c353c954d.jpg,4,3,1,0.85,"[{""class"": ""corrosion"", ""confidence"": 0.85, ""bbox"": [0.5072, 0.5589, 0.2398, 0.1701]}, {""class"": ""corrosion"", ""confidence"": 0.85, ""bbox"": [0.1286, 0.5853, 0.2001, 0.6653]}, {""class"": ""corrosion"", ""confidence"": 0.85, ""bbox"": [0.8738, 0.6851, 0.1899, 0.5709]}, {""class"": ""crack"", ""confidence"": 0.85, ""bbox"": [0.619, 0.1947, 0.2674, 0.0721]}]"
SITE0128,corrosion-and-cracks-kuvur_corrosion-9-_jpeg.rf.3543e2068dd9591dd5b3a9120002a1ed.jpg,0,0,0,0.0,[]
SITE0129,corrosion_detection-unzub_blog-31-4-statistics-on-galvanic-corrosion_jpg.rf.0d44539a26c12098d7eac3ecf1fdd135.jpg,12,12,0,0.85,"[{""class"": ""corrosion"", ""confidence"": 0.85, ""bbox"": [0.3413, 0.1719, 0.1256, 0.146]}, {""class"": ""corrosion"", ""confidence"": 0.85, ""bbox"": [0.5841, 0.1731, 0.1106, 0.134]}, {""class"": ""corrosion"", ""confidence"": 0.85, ""bbox"": [0.869, 0.2404, 0.146, 0.0781]}, {""class"": ""corrosion"", ""confidence"": 0.85, ""bbox"": [0.5024, 0.3582, 0.0385, 0.1821]}, {""class"": ""corrosion"", ""confidence"": 0.85, ""bbox"": [0.405, 0.3906, 0.0986, 0.1562]}, {""class"": ""corrosion"", ""confidence"": 0.85, ""bbox"": [0.6995, 0.4062, 0.119, 0.1965]}, {""class"": ""corrosion"", ""confidence"": 0.85, ""bbox"": [0.9075, 0.5481, 0.1034, 0.4219]}, {""class"": ""corrosion"", ""confidence"": 0.85, ""bbox"": [0.7175, 0.0697, 0.1412, 0.0919]}, {""class"": ""corrosion"", ""confidence"": 0.85, ""bbox"": [0.744, 0.7296, 0.1076, 0.2194]}, {""class"": ""corrosion"", ""confidence"": 0.85, ""bbox"": [0.2115, 0.0998, 0.0919, 0.1082]}, {""class"": ""corrosion"", ""confidence"": 0.85, ""bbox"": [0.47, 0.1046, 0.0258, 0.1172]}, {""class"": ""corrosion"", ""confidence"": 0.85, ""bbox"": [0.8954, 0.143, 0.0625, 0.0793]}]"
SITE0130,pipe-defects-ybzjr_broken-pipe_jpg.rf.f0794a6d700ea3990ba315c003ffff85.jpg,5,2,3,0.85,"[{""class"": ""crack"", ""confidence"": 0.85, ""bbox"": [0.7483, 0.1882, 0.2167, 0.06]}, {""class"": ""crack"", ""confidence"": 0.85, ""bbox"": [0.9106, 0.1545, 0.1767, 0.0691]}, {""class"": ""crack"", ""confidence"": 0.85, ""bbox"": [0.82, 0.2764, 0.3578, 0.0836]}, {""class"": ""corrosion"", ""confidence"": 0.85, ""bbox"": [0.2421, 0.786, 0.2796, 0.1379]}, {""class"": ""corrosion"", ""confidence"": 0.85, ""bbox"": [0.7872, 0.7364, 0.0444, 0.0845]}]"
SITE0131,corrosion-and-cracks-kuvur_corrosion-21-_jpeg.rf.3ab17e169ab9b8cf8b0503752d79d2f7.jpg,0,0,0,0.0,[]
SITE0132,corrosion_detection-unzub_Copper-rivets-on-a-steel-bar-submerged-in-3--sodium-chloride-solution-after-six-months_jpg.rf.abb6178349aef6fa80a8b43cfa7813b6.jpg,7,7,0,0.85,"[{""class"": ""corrosion"", ""confidence"": 0.85, ""bbox"": [0.5012, 0.7308, 0.9886, 0.0919]}, {""class"": ""corrosion"", ""confidence"": 0.85, ""bbox"": [0.4964, 0.1046, 0.9904, 0.0625]}, {""class"": ""corrosion"", ""confidence"": 0.85, ""bbox"": [0.7091, 0.357, 0.1484, 0.3534]}, {""class"": ""corrosion"", ""confidence"": 0.85, ""bbox"": [0.5084, 0.393, 0.149, 0.3197]}, {""class"": ""corrosion"", ""confidence"": 0.85, ""bbox"": [0.155, 0.3954, 0.137, 0.3107]}, {""class"": ""corrosion"", ""confidence"": 0.85, ""bbox"": [0.8858, 0.4075, 0.1424, 0.2861]}, {""class"": ""corrosion"", ""confidence"": 0.85, ""bbox"": [0.3317, 0.4159, 0.1202, 0.3948]}]"
SITE0133,corrosion-and-cracks-kuvur_corrosion-74-_jpeg.rf.f91ad15eab0a00b178f4705b0cf19d1d.jpg,0,0,0,0.0,[]
SITE0134,pipe-defects-ybzjr_pipeline-crack_jpg.rf.f0d70bc03d91d870c007941a68e177e2.jpg,6,4,2,0.85,"[{""class"": ""crack"", ""confidence"": 0.85, ""bbox"": [0.1935, 0.8031, 0.3871, 0.1422]}, {""class"": ""corrosion"", ""confidence"": 0.85, ""bbox"": [0.722, 0.7934, 0.0508, 0.0528]}, {""class"": ""corrosion"", ""confidence"": 0.85, ""bbox"": [0.7502, 0.8412, 0.0403, 0.0548]}, {""class"": ""corrosion"", ""confidence"": 0.85, ""bbox"": [0.8121, 0.8452, 0.0679, 0.0726]}, {""class"": ""corrosion"", ""confidence"": 0.85, ""bbox"": [0.8151, 0.676, 0.0644, 0.0835]}, {""class"": ""crack"", ""confidence"": 0.85, ""bbox"": [0.8118, 0.5842, 0.0753, 0.0703]}]"
SITE0135,corrosion-and-cracks-kuvur_corrosion-49-_jpeg.rf.b9c82d42a3223ab07827ef9744ab0c3b.jpg,17,17,0,0.85,"[{""class"": ""corrosion"", ""confidence"": 0.85, ""bbox"": [0.2555, 0.8664, 0.2703, 0.2672]}, {""class"": ""corrosion"", ""confidence"": 0.85, ""bbox"": [0.5648, 0.7266, 0.3422, 0.3766]}, {""class"": ""corrosion"", ""confidence"": 0.85, ""bbox"": [0.8836, 0.7469, 0.2328, 0.25]}, {""class"": ""corrosion"", ""confidence"": 0.85, ""bbox"": [0.1875, 0.4805, 0.3391, 0.3766]}, {""class"": ""corrosion"", ""confidence"": 0.85, ""bbox"": [0.507, 0.2352, 0.2734, 0.4703]}, {""class"": ""corrosion"", ""confidence"": 0.85, ""bbox"": [0.8078, 0.2383, 0.2672, 0.2687]}, {""class"": ""corrosion"", ""confidence"": 0.85, ""bbox"": [0.9031, 0.4805, 0.1938, 0.1359]}, {""class"": ""corrosion"", ""confidence"": 0.85, ""bbox"": [0.0594, 0.1938, 0.1187, 0.1625]}, {""class"": ""corrosion"", ""confidence"": 0.85, ""bbox"": [0.282, 0.1477, 0.1594, 0.1766]}, {""class"": ""corrosion"", ""confidence"": 0.85, ""bbox"": [0.6914, 0.0656, 0.1062, 0.1234]}, {""class"": ""corrosion"", ""confidence"": 0.85, ""bbox"": [0.7469, 0.6086, 0.1094, 0.1156]}, {""class"": ""corrosion"", ""confidence"": 0.85, ""bbox"": [0.7648, 0.8187, 0.0609, 0.1422]}, {""class"": ""corrosion"", ""confidence"": 0.85, ""bbox"": [0.4117, 0.8266, 0.0844, 0.1906]}, {""class"": ""corrosion"", ""confidence"": 0.85, ""bbox"": [0.1516, 0.7141, 0.1047, 0.0859]}, {""class"": ""corrosion"", ""confidence"": 0.85, ""bbox"": [0.3836, 0.3992, 0.0984, 0.2062]}, {""class"": ""corrosion"", ""confidence"": 0.85, ""bbox"": [0.6914, 0.4555, 0.0781, 0.1125]}, {""class"": ""corrosion"", ""confidence"": 0.85, ""bbox"": [0.8828, 0.0242, 0.0719, 0.0484]}]"
SITE0136,corrosion-and-cracks-kuvur_corrosion-50-_jpeg.rf.22a2f1df5ce140ed99dfb0fcfaa08854.jpg,0,0,0,0.0,[]
SITE0137,pipe-defects-ybzjr_20210213-122216-1A_Frozen-Pipes-2_jpg.rf.d0a12149a7c144bad03fb08e3bec1af3.jpg,4,3,1,0.85,"[{""class"": ""corrosion"", ""confidence"": 0.85, ""bbox"": [0.4082, 0.0903, 0.0898, 0.1785]}, {""class"": ""crack"", ""confidence"": 0.85, ""bbox"": [0.8808, 0.1599, 0.0876, 0.1147]}, {""class"": ""corrosion"", ""confidence"": 0.85, ""bbox"": [0.4423, 0.7668, 0.1605, 0.1627]}, {""class"": ""corrosion"", ""confidence"": 0.85, ""bbox"": [0.4392, 0.559, 0.1121, 0.108]}]"
SITE0138,corrosion-and-cracks-kuvur_corrosion-75-_jpeg.rf.1e3a270a09aec4b3ad29acaa668d6e6f.jpg,0,0,0,0.0,[]
SITE0139,corrosion_detection-unzub_360_F_436508470_g8UEAu2MzjXTwcmdQVYoehWr2qjaJUap_jpg.rf.a0112d6714476c07079d07fbc25559b1.jpg,5,5,0,0.85,"[{""class"": ""corrosion"", ""confidence"": 0.85, ""bbox"": [0.5036, 0.6214, 0.9886, 0.1136]}, {""class"": ""corrosion"", ""confidence"": 0.85, ""bbox"": [0.8834, 0.8377, 0.0481, 0.2915]}, {""class"": ""corrosion"", ""confidence"": 0.85, ""bbox"": [0.607, 0.8401, 0.0793, 0.3029]}, {""class"": ""corrosion"", ""confidence"": 0.85, ""bbox"": [0.244, 0.8413, 0.0721, 0.2993]}, {""class"": ""corrosion"", ""confidence"": 0.85, ""bbox"": [0.512, 0.2139, 0.9573, 0.1881]}]"
SITE0140,corrosion_detection-unzub_corrosion-metal-rusty-bollard-abandoned-pier-221587764_jpg.rf.48e2bea4f6265d10e4709a63e54689c8.jpg,12,8,4,0.85,"[{""class"": ""corrosion"", ""confidence"": 0.85, ""bbox"": [0.5385, 0.232, 0.1629, 0.024]}, {""class"": ""crack"", ""confidence"": 0.85, ""bbox"": [0.6983, 0.3185, 0.0126, 0.1106]}, {""class"": ""crack"", ""confidence"": 0.85, ""bbox"": [0.7536, 0.4123, 0.0114, 0.351]}, {""class"": ""crack"", ""confidence"": 0.85, ""bbox"": [0.4748, 0.4363, 0.0192, 0.2572]}, {""class"": ""corrosion"", ""confidence"": 0.85, ""bbox"": [0.8942, 0.4868, 0.0956, 0.0463]}, {""class"": ""corrosion"", ""confidence"": 0.85, ""bbox"": [0.7188, 0.6226, 0.0481, 0.0715]}, {""class"": ""crack"", ""confidence"": 0.85, ""bbox"": [0.4832, 0.6599, 0.0294, 0.1472]}, {""class"": ""corrosion"", ""confidence"": 0.85, ""bbox"": [0.9267, 0.6671, 0.1172, 0.0505]}, {""class"": ""corrosion"", ""confidence"": 0.85, ""bbox"": [0.5529, 0.7584, 0.0577, 0.0799]}, {""class"": ""corrosion"", ""confidence"": 0.85, ""bbox"": [0.7392, 0.7945, 0.1184, 0.2115]}, {""class"": ""corrosion"", ""confidence"": 0.85, ""bbox"": [0.5457, 0.905, 0.1058, 0.1857]}, {""class"": ""corrosion"", ""confidence"": 0.85, ""bbox"": [0.7392, 0.1827, 0.1472, 0.0391]}]"
SITE0141,corrosion-and-cracks-kuvur_corrosion-4-_jpeg.rf.74cdcb39556062dec2cd824e8bea08aa.jpg,0,0,0,0.0,[]
SITE0142,corrosion-and-cracks-kuvur_corrosion-8-_jpeg.rf.c7aaa4066a9f2971598954a257af9385.jpg,0,0,0,0.0,[]
SITE0143,corrosion_detection-unzub_pit-corrosion-in-aisi-rolled-steel_jpg.rf.449060f3778dc522d0bcd06cf576c6f3.jpg,12,12,0,0.85,"[{""class"": ""corrosion"", ""confidence"": 0.85, ""bbox"": [0.7488, 0.6538, 0.1364, 0.3023]}, {""class"": ""corrosion"", ""confidence"": 0.85, ""bbox"": [0.3233, 0.7139, 0.0817, 0.259]}, {""class"": ""corrosion"", ""confidence"": 0.85, ""bbox"": [0.1719, 0.8738, 0.0601, 0.1268]}, {""class"": ""corrosion"", ""confidence"": 0.85, ""bbox"": [0.5517, 0.9303, 0.2885, 0.0625]}, {""class"": ""corrosion"", ""confidence"": 0.85, ""bbox"": [0.4303, 0.1166, 0.1502, 0.1322]}, {""class"": ""corrosion"", ""confidence"": 0.85, ""bbox"": [0.6286, 0.2764, 0.0739, 0.1256]}, {""class"": ""corrosion"", ""confidence"": 0.85, ""bbox"": [0.7296, 0.3017, 0.0913, 0.1893]}, {""class"": ""corrosion"", ""confidence"": 0.85, ""bbox"": [0.1995, 0.3233, 0.1394, 0.3828]}, {""class"": ""corrosion"", ""confidence"": 0.85, ""bbox"": [0.3438, 0.3365, 0.0805, 0.2452]}, {""class"": ""corrosion"", ""confidence"": 0.85, ""bbox"": [0.0613, 0.5252, 0.104, 0.5463]}, {""class"": ""corrosion"", ""confidence"": 0.85, ""bbox"": [0.5132, 0.5697, 0.0451, 0.1689]}, {""class"": ""corrosion"", ""confidence"": 0.85, ""bbox"": [0.8918, 0.619, 0.0901, 0.2957]}]"
SITE0144,corrosion-and-cracks-kuvur_corrosion-74-_jpeg.rf.f91ad15eab0a00b178f4705b0cf19d1d.jpg,0,0,0,0.0,[]
SITE0145,corrosion-and-cracks-kuvur_corrosion-73-_jpeg.rf.3675195e059111af178e8d4e70e4250d.jpg,0,0,0,0.0,[]
SITE0146,pipe-defects-ybzjr_featured-image-burst-pipe-jpeg_jpg.rf.790094dc13e231a1a5c338f9a1f653c4.jpg,4,3,1,0.85,"[{""class"": ""crack"", ""confidence"": 0.85, ""bbox"": [0.3612, 0.1961, 0.2144, 0.1252]}, {""class"": ""corrosion"", ""confidence"": 0.85, ""bbox"": [0.903, 0.0773, 0.0426, 0.04]}, {""class"": ""corrosion"", ""confidence"": 0.85, ""bbox"": [0.9145, 0.1221, 0.0645, 0.0845]}, {""class"": ""corrosion"", ""confidence"": 0.85, ""bbox"": [0.7447, 0.2168, 0.0674, 0.0945]}]"
SITE0147,corrosion_detection-unzub_Crevice-corrosion-of-metal-coupling-proximity_jpg.rf.8830d8e0147dbb891f4ed11786295076.jpg,11,6,5,0.85,"[{""class"": ""crack"", ""confidence"": 0.85, ""bbox"": [0.655, 0.4579, 0.0319, 0.2139]}, {""class"": ""corrosion"", ""confidence"": 0.85, ""bbox"": [0.7332, 0.494, 0.0481, 0.0547]}, {""class"": ""corrosion"", ""confidence"": 0.85, ""bbox"": [0.1599, 0.5661, 0.0415, 0.0625]}, {""class"": ""corrosion"", ""confidence"": 0.85, ""bbox"": [0.7103, 0.5733, 0.0577, 0.0559]}, {""class"": ""crack"", ""confidence"": 0.85, ""bbox"": [0.6214, 0.6058, 0.0415, 0.0577]}, {""class"": ""crack"", ""confidence"": 0.85, ""bbox"": [0.595, 0.6923, 0.0841, 0.0469]}, {""class"": ""crack"", ""confidence"": 0.85, ""bbox"": [0.3966, 0.7272, 0.2109, 0.0319]}, {""class"": ""corrosion"", ""confidence"": 0.85, ""bbox"": [0.3798, 0.7776, 0.0439, 0.024]}, {""class"": ""corrosion"", ""confidence"": 0.85, ""bbox"": [0.488, 0.7837, 0.1052, 0.0481]}, {""class"": ""corrosion"", ""confidence"": 0.85, ""bbox"": [0.2921, 0.1382, 0.0697, 0.0481]}, {""class"": ""crack"", ""confidence"": 0.85, ""bbox"": [0.476, 0.1755, 0.1292, 0.0445]}]"
SITE0148,corrosion-and-cracks-kuvur_corrosion-17-_jpeg.rf.4de64d9dfbebf962b5323a038395645e.jpg,0,0,0,0.0,[]
SITE0149,corrosion-and-cracks-kuvur_corrosion-15-_jpeg.rf.ecfef469aef0df693fa2a27a3a92c176.jpg,0,0,0,0.0,[]
SITE0150,corrosion_detection-unzub_Crevice-corrosion-under-a-Type-316-bolt--which-is-holding-a-Type-316-structural-beam-in-place--on-the-Florida-coast--Photo-credit-TMR-Consulting_jpg.rf.5cdb654d8d216df96f60703d788c11d8.jpg,5,5,0,0.85,"[{""class"": ""corrosion"", ""confidence"": 0.85, ""bbox"": [0.4123, 0.3161, 0.2764, 0.1034]}, {""class"": ""corrosion"", ""confidence"": 0.85, ""bbox"": [0.6526, 0.3257, 0.1809, 0.0643]}, {""class"": ""corrosion"", ""confidence"": 0.85, ""bbox"": [0.7885, 0.4339, 0.03, 0.122]}, {""class"": ""corrosion"", ""confidence"": 0.85, ""bbox"": [0.1863, 0.4808, 0.0553, 0.1839]}, {""class"": ""corrosion"", ""confidence"": 0.85, ""bbox"": [0.8233, 0.5974, 0.0367, 0.1376]}]"
