work_order_id,site_id,site_name,site_type,region,priority,recommended_action,estimated_cost_usd,estimated_downtime_prevented_hours,numeric_risk_score,numeric_risk_level,vision_findings_level,n_defects_detected,image_file,site_coastal_exposure,site_age_years,merged_assessment,numeric_interpretation,vision_interpretation,agent_trace,generated_at
WO-SITE0001-202607301728,SITE0001,Jawa Tengah - Bukittinggi,Microcell Pole,Jabodetabek,LOW,ROUTINE_MONITORING: Continue regular schedule,0,0,9.992963193653088e-06,NORMAL,CLEAN,0,corrosion-and-cracks-kuvur_corrosion-47-_jpeg.rf.54411d52d859269f0aeba0b159402755.jpg,Low,7.0,Numeric:NORMAL(0) Vision:CLEAN(0) Coastal:Low(+0.0) Age:7.0(+0.2) Failures:0(+0.0) Score:0.20,Risk=0.000 NORMAL.,No defects. PASS.,"['[collect] SITE0001', '[numeric] NORMAL', '[vision] CLEAN', '[merge] score=0.20', '[decision] LOW']",2026-07-30T17:28:19.911705Z
WO-SITE0002-202607301728,SITE0002,Sulawesi Selatan - Sungai Penuh,BTS Tower,Jawa Timur,LOW,ROUTINE_MONITORING: Continue regular schedule,0,0,8.768365765171277e-06,NORMAL,CLEAN,0,corrosion-and-cracks-kuvur_corrosion-50-_jpeg.rf.22a2f1df5ce140ed99dfb0fcfaa08854.jpg,Low,11.0,Numeric:NORMAL(0) Vision:CLEAN(0) Coastal:Low(+0.0) Age:11.0(+0.6) Failures:0(+0.0) Score:0.60,Risk=0.000 NORMAL.,No defects. PASS.,"['[collect] SITE0002', '[numeric] NORMAL', '[vision] CLEAN', '[merge] score=0.60', '[decision] LOW']",2026-07-30T17:28:19.921848Z
WO-SITE0003-202607301728,SITE0003,Jawa Barat - Batu,Outdoor Cabinet,Jawa Barat,LOW,ROUTINE_MONITORING: Continue regular schedule,0,0,9.51761396969058e-06,NORMAL,CLEAN,0,corrosion-and-cracks-kuvur_corrosion-73-_jpeg.rf.4adbd108154e730997f3ad4d869534f9.jpg,High,6.0,Numeric:NORMAL(0) Vision:CLEAN(0) Coastal:High(+0.5) Age:6.0(+0.1) Failures:0(+0.0) Score:0.60,Risk=0.000 NORMAL.,No defects. PASS.,"['[collect] SITE0003', '[numeric] NORMAL', '[vision] CLEAN', '[merge] score=0.60', '[decision] LOW']",2026-07-30T17:28:19.930084Z
WO-SITE0004-202607301728,SITE0004,Jawa Barat - Mataram,Outdoor Cabinet,Jabodetabek,LOW,ROUTINE_MONITORING: Continue regular schedule,0,0,7.685518187616397e-06,NORMAL,CLEAN,0,corrosion-and-cracks-kuvur_corrosion-25-_jpeg.rf.033154fd3786820efd5926f487a9343c.jpg,Low,3.0,Numeric:NORMAL(0) Vision:CLEAN(0) Coastal:Low(+0.0) Age:3.0(+0.0) Failures:0(+0.0) Score:0.00,Risk=0.000 NORMAL.,No defects. PASS.,"['[collect] SITE0004', '[numeric] NORMAL', '[vision] CLEAN', '[merge] score=0.00', '[decision] LOW']",2026-07-30T17:28:19.937963Z
WO-SITE0005-202607301728,SITE0005,Jawa Timur - Pekalongan,BTS Tower,Jawa Tengah,LOW,ROUTINE_MONITORING: Continue regular schedule,0,0,1.290935638549241e-05,NORMAL,MEDIUM,4,corrosion_detection-unzub_A-nut-and-bolt-assembly-showing-crevice-corrosion-in-cold-rolled-threads--The-corrosion-products-are-accumulated-at-the-junction-of-the-nut-and-the-bolt-_jpg.rf.c82da7970ad2b7cd9970c376d4e4677c.jpg,Medium,12.0,Numeric:NORMAL(0) Vision:MEDIUM(0) Coastal:Medium(+0.2) Age:12.0(+0.7) Failures:0(+0.0) Score:0.90,Risk=0.000 NORMAL.,4 corrosion regions.,"['[collect] SITE0005', '[numeric] NORMAL', '[vision] MEDIUM', '[merge] score=0.90', '[decision] LOW']",2026-07-30T17:28:19.945695Z
WO-SITE0006-202607301728,SITE0006,Jawa Barat - Bandung,Indoor BTS Room,Jawa Tengah,LOW,ROUTINE_MONITORING: Continue regular schedule,0,0,1.9306142720175675e-05,NORMAL,CLEAN,0,corrosion-and-cracks-kuvur_corrosion-47-_jpeg.rf.dccd9d4ade5a2e44a165fe17404f37ef.jpg,Low,4.0,Numeric:NORMAL(0) Vision:CLEAN(0) Coastal:Low(+0.0) Age:4.0(+0.0) Failures:0(+0.0) Score:0.00,Risk=0.000 NORMAL.,No defects. PASS.,"['[collect] SITE0006', '[numeric] NORMAL', '[vision] CLEAN', '[merge] score=0.00', '[decision] LOW']",2026-07-30T17:28:19.952998Z
WO-SITE0007-202607301728,SITE0007,Jawa Timur - Palangkaraya,Indoor BTS Room,Jawa Barat,LOW,ROUTINE_MONITORING: Continue regular schedule,0,0,1.2251930435044417e-05,NORMAL,CLEAN,0,corrosion-and-cracks-kuvur_corrosion-75-_jpeg.rf.1e3a270a09aec4b3ad29acaa668d6e6f.jpg,High,2.0,Numeric:NORMAL(0) Vision:CLEAN(0) Coastal:High(+0.5) Age:2.0(+0.0) Failures:0(+0.0) Score:0.50,Risk=0.000 NORMAL.,No defects. PASS.,"['[collect] SITE0007', '[numeric] NORMAL', '[vision] CLEAN', '[merge] score=0.50', '[decision] LOW']",2026-07-30T17:28:19.960718Z
WO-SITE0008-202607301728,SITE0008,Jabodetabek - Batam,Outdoor Cabinet,Bali-Nusra,LOW,ROUTINE_MONITORING: Continue regular schedule,0,0,7.304819227199288e-06,NORMAL,CLEAN,0,corrosion-and-cracks-kuvur_corrosion-73-_jpeg.rf.28c623a95560ea952d082be9ec57d8fb.jpg,Low,3.0,Numeric:NORMAL(0) Vision:CLEAN(0) Coastal:Low(+0.0) Age:3.0(+0.0) Failures:0(+0.0) Score:0.00,Risk=0.000 NORMAL.,No defects. PASS.,"['[collect] SITE0008', '[numeric] NORMAL', '[vision] CLEAN', '[merge] score=0.00', '[decision] LOW']",2026-07-30T17:28:19.966664Z
WO-SITE0009-202607301728,SITE0009,Bali-Nusra - Bekasi,Microcell Pole,Sulawesi Selatan,HIGH,PRIORITY_STRUCTURAL_REPAIR: Crack repair within 48h,3500,18,6.652819871930342e-06,NORMAL,CRITICAL,12,corrosion_detection-unzub_corrosion-metal-rusty-bollard-abandoned-pier-221587764_jpg.rf.48e2bea4f6265d10e4709a63e54689c8.jpg,Medium,7.0,Numeric:NORMAL(0) Vision:CRITICAL(3) Coastal:Medium(+0.2) Age:7.0(+0.2) Failures:0(+0.0) Score:3.40,Risk=0.000 NORMAL.,"12 defects, high-confidence crack.","['[collect] SITE0009', '[numeric] NORMAL', '[vision] CRITICAL', '[merge] score=3.40', '[decision] HIGH']",2026-07-30T17:28:19.972474Z
WO-SITE0010-202607301728,SITE0010,Jawa Barat - Banjarmasin,Indoor BTS Room,Bali-Nusra,HIGH,PRIORITY_STRUCTURAL_REPAIR: Crack repair within 48h,3500,18,1.81427192238513e-05,NORMAL,CRITICAL,4,corrosion_detection-unzub_main-qimg-dd1c9e2f7bbbaf14ab142360f5cb6b03-lq_jpg.rf.7d0aacc51e1788988bd7808e382a3751.jpg,Low,9.0,Numeric:NORMAL(0) Vision:CRITICAL(3) Coastal:Low(+0.0) Age:9.0(+0.4) Failures:1(+0.5) Score:3.90,Risk=0.000 NORMAL.,"4 defects, high-confidence crack.","['[collect] SITE0010', '[numeric] NORMAL', '[vision] CRITICAL', '[merge] score=3.90', '[decision] HIGH']",2026-07-30T17:28:19.978152Z
WO-SITE0011-202607301728,SITE0011,Jawa Barat - Jayapura,BTS Tower,Kalimantan Timur,LOW,ROUTINE_MONITORING: Continue regular schedule,0,0,1.3932389021964954e-05,NORMAL,CLEAN,0,corrosion-and-cracks-kuvur_corrosion-51-_jpeg.rf.3e02cb2ab9ce06cd184dd6b8cb3d393b.jpg,Low,8.0,Numeric:NORMAL(0) Vision:CLEAN(0) Coastal:Low(+0.0) Age:8.0(+0.3) Failures:0(+0.0) Score:0.30,Risk=0.000 NORMAL.,No defects. PASS.,"['[collect] SITE0011', '[numeric] NORMAL', '[vision] CLEAN', '[merge] score=0.30', '[decision] LOW']",2026-07-30T17:28:19.984214Z
WO-SITE0012-202607301728,SITE0012,Bali-Nusra - Samarinda,Microcell Pole,Jabodetabek,LOW,ROUTINE_MONITORING: Continue regular schedule,0,0,1.0512055335367978e-05,NORMAL,MEDIUM,7,pipe-defects-ybzjr_Frozen_Pipes249-DFs_jpg.rf.62f22cad8f4b21f7a1426693f2bca401.jpg,Low,10.0,Numeric:NORMAL(0) Vision:MEDIUM(0) Coastal:Low(+0.0) Age:10.0(+0.5) Failures:0(+0.0) Score:0.50,Risk=0.000 NORMAL.,7 corrosion regions.,"['[collect] SITE0012', '[numeric] NORMAL', '[vision] MEDIUM', '[merge] score=0.50', '[decision] LOW']",2026-07-30T17:28:19.989977Z
WO-SITE0013-202607301728,SITE0013,Sulawesi Selatan - Banjarbaru,Indoor BTS Room,Sulawesi Selatan,LOW,ROUTINE_MONITORING: Continue regular schedule,0,0,9.253794730946024e-06,NORMAL,CLEAN,0,corrosion-and-cracks-kuvur_corrosion-38-_jpeg.rf.2cffcfd5f235e21515cc57cf68a44bd0.jpg,Low,3.0,Numeric:NORMAL(0) Vision:CLEAN(0) Coastal:Low(+0.0) Age:3.0(+0.0) Failures:0(+0.0) Score:0.00,Risk=0.000 NORMAL.,No defects. PASS.,"['[collect] SITE0013', '[numeric] NORMAL', '[vision] CLEAN', '[merge] score=0.00', '[decision] LOW']",2026-07-30T17:28:19.995901Z
WO-SITE0014-202607301728,SITE0014,Jawa Barat - Banjar,BTS Tower,Sumatera Utara,LOW,ROUTINE_MONITORING: Continue regular schedule,0,0,2.169070287411605e-05,NORMAL,MEDIUM,10,corrosion_detection-unzub_Galvanic-Corrosion-Corrosion-with-an-Electric-Edge_jpg.rf.1695fb3533da6f331ab1db73c4ddc431.jpg,High,5.0,Numeric:NORMAL(0) Vision:MEDIUM(0) Coastal:High(+0.5) Age:5.0(+0.0) Failures:0(+0.0) Score:0.50,Risk=0.000 NORMAL.,10 corrosion regions.,"['[collect] SITE0014', '[numeric] NORMAL', '[vision] MEDIUM', '[merge] score=0.50', '[decision] LOW']",2026-07-30T17:28:20.001522Z
WO-SITE0015-202607301728,SITE0015,Sumatera Utara - Kupang,Microcell Pole,Sumatera Utara,LOW,ROUTINE_MONITORING: Continue regular schedule,0,0,7.083267193434549e-06,NORMAL,CLEAN,0,corrosion-and-cracks-kuvur_corrosion-27-_jpeg.rf.3734556db6feaf2c6ab8a76cf748a6c7.jpg,Low,12.0,Numeric:NORMAL(0) Vision:CLEAN(0) Coastal:Low(+0.0) Age:12.0(+0.7) Failures:0(+0.0) Score:0.70,Risk=0.000 NORMAL.,No defects. PASS.,"['[collect] SITE0015', '[numeric] NORMAL', '[vision] CLEAN', '[merge] score=0.70', '[decision] LOW']",2026-07-30T17:28:20.007873Z
WO-SITE0016-202607301728,SITE0016,Bali-Nusra - Bontang,Indoor BTS Room,Jawa Tengah,HIGH,PRIORITY_STRUCTURAL_REPAIR: Crack repair within 48h,3500,18,9.352815415549869e-06,NORMAL,CRITICAL,12,corrosion_detection-unzub_corrosion-metal-rusty-bollard-abandoned-pier-221587764_jpg.rf.403b9b04082d1dd3ee477b5049e7e10d.jpg,Low,12.0,Numeric:NORMAL(0) Vision:CRITICAL(3) Coastal:Low(+0.0) Age:12.0(+0.7) Failures:1(+0.5) Score:4.20,Risk=0.000 NORMAL.,"12 defects, high-confidence crack.","['[collect] SITE0016', '[numeric] NORMAL', '[vision] CRITICAL', '[merge] score=4.20', '[decision] HIGH']",2026-07-30T17:28:20.014378Z
WO-SITE0017-202607301728,SITE0017,Jawa Timur - Samarinda,Indoor BTS Room,Jawa Tengah,LOW,ROUTINE_MONITORING: Continue regular schedule,0,0,6.9168313237552855e-06,NORMAL,CLEAN,0,corrosion-and-cracks-kuvur_corrosion-22-_jpeg.rf.7eee751634b146655f68c2677bdf77f0.jpg,Low,12.0,Numeric:NORMAL(0) Vision:CLEAN(0) Coastal:Low(+0.0) Age:12.0(+0.7) Failures:0(+0.0) Score:0.70,Risk=0.000 NORMAL.,No defects. PASS.,"['[collect] SITE0017', '[numeric] NORMAL', '[vision] CLEAN', '[merge] score=0.70', '[decision] LOW']",2026-07-30T17:28:20.020619Z
WO-SITE0018-202607301728,SITE0018,Bali-Nusra - Sabang,BTS Tower,Jawa Tengah,LOW,ROUTINE_MONITORING: Continue regular schedule,0,0,7.321354507299201e-06,NORMAL,CLEAN,0,corrosion-and-cracks-kuvur_corrosion-2-_jpeg.rf.ce2388ae2207f0d498e2e8e5290d490a.jpg,Low,6.0,Numeric:NORMAL(0) Vision:CLEAN(0) Coastal:Low(+0.0) Age:6.0(+0.1) Failures:0(+0.0) Score:0.10,Risk=0.000 NORMAL.,No defects. PASS.,"['[collect] SITE0018', '[numeric] NORMAL', '[vision] CLEAN', '[merge] score=0.10', '[decision] LOW']",2026-07-30T17:28:20.027131Z
WO-SITE0019-202607301728,SITE0019,Jawa Tengah - Bima,Microcell Pole,Sumatera Utara,LOW,ROUTINE_MONITORING: Continue regular schedule,0,0,7.9461687275637e-06,NORMAL,CLEAN,0,corrosion-and-cracks-kuvur_corrosion-62-_jpeg.rf.3fb47b88414544da64b1b72d8b5cdfd9.jpg,Low,8.0,Numeric:NORMAL(0) Vision:CLEAN(0) Coastal:Low(+0.0) Age:8.0(+0.3) Failures:0(+0.0) Score:0.30,Risk=0.000 NORMAL.,No defects. PASS.,"['[collect] SITE0019', '[numeric] NORMAL', '[vision] CLEAN', '[merge] score=0.30', '[decision] LOW']",2026-07-30T17:28:20.032914Z
WO-SITE0020-202607301728,SITE0020,Kalimantan Timur - Medan,Outdoor Cabinet,Jawa Tengah,LOW,ROUTINE_MONITORING: Continue regular schedule,0,0,1.0467946294312464e-05,NORMAL,CLEAN,0,corrosion-and-cracks-kuvur_corrosion-21-_jpeg.rf.3ab17e169ab9b8cf8b0503752d79d2f7.jpg,Medium,2.0,Numeric:NORMAL(0) Vision:CLEAN(0) Coastal:Medium(+0.2) Age:2.0(+0.0) Failures:0(+0.0) Score:0.20,Risk=0.000 NORMAL.,No defects. PASS.,"['[collect] SITE0020', '[numeric] NORMAL', '[vision] CLEAN', '[merge] score=0.20', '[decision] LOW']",2026-07-30T17:28:20.039106Z
WO-SITE0021-202607301728,SITE0021,Jawa Timur - Purwokerto,BTS Tower,Bali-Nusra,LOW,ROUTINE_MONITORING: Continue regular schedule,0,0,1.5129259875367496e-05,NORMAL,CLEAN,0,corrosion-and-cracks-kuvur_corrosion-11-_jpeg.rf.9bc91483e19ae99f4e6c7fb54fe0fda4.jpg,Low,9.0,Numeric:NORMAL(0) Vision:CLEAN(0) Coastal:Low(+0.0) Age:9.0(+0.4) Failures:0(+0.0) Score:0.40,Risk=0.000 NORMAL.,No defects. PASS.,"['[collect] SITE0021', '[numeric] NORMAL', '[vision] CLEAN', '[merge] score=0.40', '[decision] LOW']",2026-07-30T17:28:20.044779Z
WO-SITE0022-202607301728,SITE0022,Jabodetabek - Salatiga,Outdoor Cabinet,Kalimantan Timur,LOW,ROUTINE_MONITORING: Continue regular schedule,0,0,1.0417092345951446e-05,NORMAL,CLEAN,0,corrosion-and-cracks-kuvur_corrosion-12-_jpeg.rf.e0a1fc1faa4ee4816c9a0b79e2b8a82a.jpg,Low,8.0,Numeric:NORMAL(0) Vision:CLEAN(0) Coastal:Low(+0.0) Age:8.0(+0.3) Failures:0(+0.0) Score:0.30,Risk=0.000 NORMAL.,No defects. PASS.,"['[collect] SITE0022', '[numeric] NORMAL', '[vision] CLEAN', '[merge] score=0.30', '[decision] LOW']",2026-07-30T17:28:20.051845Z
WO-SITE0023-202607301728,SITE0023,Sulawesi Selatan - Solok,Outdoor Cabinet,Jabodetabek,LOW,ROUTINE_MONITORING: Continue regular schedule,0,0,6.887328291157463e-06,NORMAL,CLEAN,0,corrosion-and-cracks-kuvur_corrosion-18-_jpeg.rf.bec8fef768832c05c5d93a422733e544.jpg,Low,3.0,Numeric:NORMAL(0) Vision:CLEAN(0) Coastal:Low(+0.0) Age:3.0(+0.0) Failures:0(+0.0) Score:0.00,Risk=0.000 NORMAL.,No defects. PASS.,"['[collect] SITE0023', '[numeric] NORMAL', '[vision] CLEAN', '[merge] score=0.00', '[decision] LOW']",2026-07-30T17:28:20.059759Z
WO-SITE0024-202607301728,SITE0024,Kalimantan Timur - Payakumbuh,Microcell Pole,Kalimantan Timur,HIGH,PRIORITY_STRUCTURAL_REPAIR: Crack repair within 48h,3500,18,8.845504514373276e-06,NORMAL,CRITICAL,4,pipe-defects-ybzjr_featured-image-burst-pipe-jpeg_jpg.rf.790094dc13e231a1a5c338f9a1f653c4.jpg,Low,6.0,Numeric:NORMAL(0) Vision:CRITICAL(3) Coastal:Low(+0.0) Age:6.0(+0.1) Failures:0(+0.0) Score:3.10,Risk=0.000 NORMAL.,"4 defects, high-confidence crack.","['[collect] SITE0024', '[numeric] NORMAL', '[vision] CRITICAL', '[merge] score=3.10', '[decision] HIGH']",2026-07-30T17:28:20.068249Z
WO-SITE0025-202607301728,SITE0025,Jawa Timur - Lubuklinggau,BTS Tower,Jawa Timur,LOW,ROUTINE_MONITORING: Continue regular schedule,0,0,1.3089734352998324e-05,NORMAL,MEDIUM,10,corrosion-and-cracks-kuvur_corrosion-53-_jpeg.rf.d41f222452dcc0450de68e49529f2e00.jpg,High,12.0,Numeric:NORMAL(0) Vision:MEDIUM(0) Coastal:High(+0.5) Age:12.0(+0.7) Failures:0(+0.0) Score:1.20,Risk=0.000 NORMAL.,10 corrosion regions.,"['[collect] SITE0025', '[numeric] NORMAL', '[vision] MEDIUM', '[merge] score=1.20', '[decision] LOW']",2026-07-30T17:28:20.077170Z
WO-SITE0026-202607301728,SITE0026,Jabodetabek - Sawahlunto,BTS Tower,Jabodetabek,LOW,ROUTINE_MONITORING: Continue regular schedule,0,0,1.4195067389571652e-05,NORMAL,CLEAN,0,corrosion-and-cracks-kuvur_corrosion-47-_jpeg.rf.dccd9d4ade5a2e44a165fe17404f37ef.jpg,Low,7.0,Numeric:NORMAL(0) Vision:CLEAN(0) Coastal:Low(+0.0) Age:7.0(+0.2) Failures:0(+0.0) Score:0.20,Risk=0.000 NORMAL.,No defects. PASS.,"['[collect] SITE0026', '[numeric] NORMAL', '[vision] CLEAN', '[merge] score=0.20', '[decision] LOW']",2026-07-30T17:28:20.082914Z
WO-SITE0027-202607301728,SITE0027,Sulawesi Selatan - Mataram,BTS Tower,Jawa Barat,LOW,ROUTINE_MONITORING: Continue regular schedule,0,0,7.629406183073376e-06,NORMAL,CLEAN,0,corrosion-and-cracks-kuvur_corrosion-44-_jpeg.rf.19ff49a938369c223d6f990ea3c955fc.jpg,Low,11.0,Numeric:NORMAL(0) Vision:CLEAN(0) Coastal:Low(+0.0) Age:11.0(+0.6) Failures:0(+0.0) Score:0.60,Risk=0.000 NORMAL.,No defects. PASS.,"['[collect] SITE0027', '[numeric] NORMAL', '[vision] CLEAN', '[merge] score=0.60', '[decision] LOW']",2026-07-30T17:28:20.089241Z
WO-SITE0028-202607301728,SITE0028,Sumatera Utara - Kota Administrasi Jakarta Barat,Indoor BTS Room,Sulawesi Selatan,HIGH,PRIORITY_STRUCTURAL_REPAIR: Crack repair within 48h,3500,18,9.647069806711722e-06,NORMAL,CRITICAL,12,corrosion_detection-unzub_corrosion-metal-rusty-bollard-abandoned-pier-221587764_jpg.rf.d65330b681e22388b70a1ba38d5270b9.jpg,High,10.0,Numeric:NORMAL(0) Vision:CRITICAL(3) Coastal:High(+0.5) Age:10.0(+0.5) Failures:0(+0.0) Score:4.00,Risk=0.000 NORMAL.,"12 defects, high-confidence crack.","['[collect] SITE0028', '[numeric] NORMAL', '[vision] CRITICAL', '[merge] score=4.00', '[decision] HIGH']",2026-07-30T17:28:20.094889Z
WO-SITE0029-202607301728,SITE0029,Bali-Nusra - Tanjungpinang,Microcell Pole,Bali-Nusra,HIGH,PRIORITY_STRUCTURAL_REPAIR: Crack repair within 48h,3500,18,1.892529507358322e-05,NORMAL,CRITICAL,9,corrosion_detection-unzub_Adjacent-picture-shows-a-classic-example-of-galvanic-corrosion--a-stainless-steel-screw-in-contact-with-a-cadmium-plated-steel-washer-_jpg.rf.6bad5d4e36c706e890f2232621e704f3.jpg,Medium,5.0,Numeric:NORMAL(0) Vision:CRITICAL(3) Coastal:Medium(+0.2) Age:5.0(+0.0) Failures:0(+0.0) Score:3.20,Risk=0.000 NORMAL.,"9 defects, high-confidence crack.","['[collect] SITE0029', '[numeric] NORMAL', '[vision] CRITICAL', '[merge] score=3.20', '[decision] HIGH']",2026-07-30T17:28:20.100513Z
WO-SITE0030-202607301728,SITE0030,Sulawesi Selatan - Bau-Bau,Indoor BTS Room,Bali-Nusra,HIGH,PRIORITY_STRUCTURAL_REPAIR: Crack repair within 48h,3500,18,3.617042166126072e-05,NORMAL,CRITICAL,8,corrosion_detection-unzub_Bolts-in-non-salt-water-environments-and-not-in-constant-contact-with-water--such-as-this-one--are-more-than-likely-just-rusty-and-safe-for-climbing-_jpg.rf.2302c4f0d4e3e6b3a6b12b6fa3ada02d.jpg,Low,11.0,Numeric:NORMAL(0) Vision:CRITICAL(3) Coastal:Low(+0.0) Age:11.0(+0.6) Failures:0(+0.0) Score:3.60,Risk=0.000 NORMAL.,"8 defects, high-confidence crack.","['[collect] SITE0030', '[numeric] NORMAL', '[vision] CRITICAL', '[merge] score=3.60', '[decision] HIGH']",2026-07-30T17:28:20.106223Z
WO-SITE0031-202607301728,SITE0031,Jawa Timur - Pontianak,Indoor BTS Room,Jawa Tengah,HIGH,PRIORITY_STRUCTURAL_REPAIR: Crack repair within 48h,3500,18,1.1796745906237704e-05,NORMAL,CRITICAL,7,pipe-defects-ybzjr_fig-6-pinhole-leaks-in-copper-tubing_jpg.rf.ac0e1e11dc0bfd03fae9219b99de513b.jpg,High,12.0,Numeric:NORMAL(0) Vision:CRITICAL(3) Coastal:High(+0.5) Age:12.0(+0.7) Failures:1(+0.5) Score:4.70,Risk=0.000 NORMAL.,"7 defects, high-confidence crack.","['[collect] SITE0031', '[numeric] NORMAL', '[vision] CRITICAL', '[merge] score=4.70', '[decision] HIGH']",2026-07-30T17:28:20.112317Z
WO-SITE0032-202607301728,SITE0032,Sumatera Utara - Makassar,BTS Tower,Sumatera Utara,LOW,ROUTINE_MONITORING: Continue regular schedule,0,0,1.118020314518186e-05,NORMAL,CLEAN,0,corrosion-and-cracks-kuvur_corrosion-50-_jpeg.rf.fee0deda5d090eef52b18b4d28616abe.jpg,Medium,4.0,Numeric:NORMAL(0) Vision:CLEAN(0) Coastal:Medium(+0.2) Age:4.0(+0.0) Failures:0(+0.0) Score:0.20,Risk=0.000 NORMAL.,No defects. PASS.,"['[collect] SITE0032', '[numeric] NORMAL', '[vision] CLEAN', '[merge] score=0.20', '[decision] LOW']",2026-07-30T17:28:20.119129Z
WO-SITE0033-202607301728,SITE0033,Jawa Timur - Kotamobagu,Indoor BTS Room,Jawa Timur,HIGH,PRIORITY_STRUCTURAL_REPAIR: Crack repair within 48h,3500,18,6.7929932825020246e-06,NORMAL,CRITICAL,3,pipe-defects-ybzjr_istockphoto-481604650-612x612_jpg.rf.1a8ae511e90cbebe20d2ded1da24143b.jpg,Medium,7.0,Numeric:NORMAL(0) Vision:CRITICAL(3) Coastal:Medium(+0.2) Age:7.0(+0.2) Failures:0(+0.0) Score:3.40,Risk=0.000 NORMAL.,"3 defects, high-confidence crack.","['[collect] SITE0033', '[numeric] NORMAL', '[vision] CRITICAL', '[merge] score=3.40', '[decision] HIGH']",2026-07-30T17:28:20.124963Z
WO-SITE0034-202607301728,SITE0034,Kalimantan Timur - Bitung,Outdoor Cabinet,Jawa Timur,LOW,ROUTINE_MONITORING: Continue regular schedule,0,0,2.596716899275277e-05,NORMAL,CLEAN,0,corrosion-and-cracks-kuvur_corrosion-12-_jpeg.rf.3f1e007b1db89b59a58709a0d9d79737.jpg,Low,9.0,Numeric:NORMAL(0) Vision:CLEAN(0) Coastal:Low(+0.0) Age:9.0(+0.4) Failures:0(+0.0) Score:0.40,Risk=0.000 NORMAL.,No defects. PASS.,"['[collect] SITE0034', '[numeric] NORMAL', '[vision] CLEAN', '[merge] score=0.40', '[decision] LOW']",2026-07-30T17:28:20.131265Z
WO-SITE0035-202607301728,SITE0035,Jabodetabek - Cimahi,Indoor BTS Room,Bali-Nusra,HIGH,PRIORITY_STRUCTURAL_REPAIR: Crack repair within 48h,3500,18,1.217258119088475e-05,NORMAL,CRITICAL,2,pipe-defects-ybzjr_featured-image-burst-pipe-jpeg_jpg.rf.1e9803389c43cb187eb5b7a7270f3a9a.jpg,Low,12.0,Numeric:NORMAL(0) Vision:CRITICAL(3) Coastal:Low(+0.0) Age:12.0(+0.7) Failures:0(+0.0) Score:3.70,Risk=0.000 NORMAL.,"2 defects, high-confidence crack.","['[collect] SITE0035', '[numeric] NORMAL', '[vision] CRITICAL', '[merge] score=3.70', '[decision] HIGH']",2026-07-30T17:28:20.137087Z
WO-SITE0036-202607301728,SITE0036,Bali-Nusra - Bukittinggi,Indoor BTS Room,Sulawesi Selatan,LOW,ROUTINE_MONITORING: Continue regular schedule,0,0,1.0384129710255328e-05,NORMAL,MEDIUM,10,corrosion_detection-unzub_Galvanic-Corrosion-Corrosion-with-an-Electric-Edge_jpg.rf.52ba92b062b9aca543caa31e952a7d65.jpg,High,7.0,Numeric:NORMAL(0) Vision:MEDIUM(0) Coastal:High(+0.5) Age:7.0(+0.2) Failures:0(+0.0) Score:0.70,Risk=0.000 NORMAL.,10 corrosion regions.,"['[collect] SITE0036', '[numeric] NORMAL', '[vision] MEDIUM', '[merge] score=0.70', '[decision] LOW']",2026-07-30T17:28:20.142868Z
WO-SITE0037-202607301728,SITE0037,Bali-Nusra - Padangpanjang,Outdoor Cabinet,Sulawesi Selatan,LOW,ROUTINE_MONITORING: Continue regular schedule,0,0,4.642784061636562e-06,NORMAL,CLEAN,0,corrosion-and-cracks-kuvur_corrosion-2-_jpeg.rf.ce2388ae2207f0d498e2e8e5290d490a.jpg,Low,9.0,Numeric:NORMAL(0) Vision:CLEAN(0) Coastal:Low(+0.0) Age:9.0(+0.4) Failures:0(+0.0) Score:0.40,Risk=0.000 NORMAL.,No defects. PASS.,"['[collect] SITE0037', '[numeric] NORMAL', '[vision] CLEAN', '[merge] score=0.40', '[decision] LOW']",2026-07-30T17:28:20.149121Z
WO-SITE0038-202607301728,SITE0038,Jabodetabek - Surakarta,Microcell Pole,Sulawesi Selatan,LOW,ROUTINE_MONITORING: Continue regular schedule,0,0,1.1092908043033137e-05,NORMAL,MEDIUM,1,pipe-defects-ybzjr_istockphoto-1325877872-612x612_jpg.rf.05faa1d77d40b5279b5e96dbd2cfa312.jpg,High,3.0,Numeric:NORMAL(0) Vision:MEDIUM(0) Coastal:High(+0.5) Age:3.0(+0.0) Failures:0(+0.0) Score:0.50,Risk=0.000 NORMAL.,1 corrosion regions.,"['[collect] SITE0038', '[numeric] NORMAL', '[vision] MEDIUM', '[merge] score=0.50', '[decision] LOW']",2026-07-30T17:28:20.154936Z
WO-SITE0039-202607301728,SITE0039,Jawa Timur - Tual,Microcell Pole,Jawa Tengah,LOW,ROUTINE_MONITORING: Continue regular schedule,0,0,1.1718490521152924e-05,NORMAL,CLEAN,0,corrosion-and-cracks-kuvur_corrosion-38-_jpeg.rf.2cffcfd5f235e21515cc57cf68a44bd0.jpg,Low,6.0,Numeric:NORMAL(0) Vision:CLEAN(0) Coastal:Low(+0.0) Age:6.0(+0.1) Failures:0(+0.0) Score:0.10,Risk=0.000 NORMAL.,No defects. PASS.,"['[collect] SITE0039', '[numeric] NORMAL', '[vision] CLEAN', '[merge] score=0.10', '[decision] LOW']",2026-07-30T17:28:20.161188Z
WO-SITE0040-202607301728,SITE0040,Kalimantan Timur - Makassar,Microcell Pole,Kalimantan Timur,LOW,ROUTINE_MONITORING: Continue regular schedule,0,0,8.514931660203836e-06,NORMAL,CLEAN,0,corrosion-and-cracks-kuvur_corrosion-24-_jpeg.rf.819c2553d60169fa3c56c6004395683c.jpg,Medium,11.0,Numeric:NORMAL(0) Vision:CLEAN(0) Coastal:Medium(+0.2) Age:11.0(+0.6) Failures:0(+0.0) Score:0.80,Risk=0.000 NORMAL.,No defects. PASS.,"['[collect] SITE0040', '[numeric] NORMAL', '[vision] CLEAN', '[merge] score=0.80', '[decision] LOW']",2026-07-30T17:28:20.167943Z
WO-SITE0041-202607301728,SITE0041,Jawa Tengah - Serang,BTS Tower,Jawa Tengah,LOW,ROUTINE_MONITORING: Continue regular schedule,0,0,1.4651961038766495e-05,NORMAL,CLEAN,0,corrosion-and-cracks-kuvur_corrosion-51-_jpeg.rf.3e02cb2ab9ce06cd184dd6b8cb3d393b.jpg,Medium,10.0,Numeric:NORMAL(0) Vision:CLEAN(0) Coastal:Medium(+0.2) Age:10.0(+0.5) Failures:0(+0.0) Score:0.70,Risk=0.000 NORMAL.,No defects. PASS.,"['[collect] SITE0041', '[numeric] NORMAL', '[vision] CLEAN', '[merge] score=0.70', '[decision] LOW']",2026-07-30T17:28:20.174199Z
WO-SITE0042-202607301728,SITE0042,Bali-Nusra - Sawahlunto,Indoor BTS Room,Jawa Tengah,HIGH,PRIORITY_STRUCTURAL_REPAIR: Crack repair within 48h,3500,18,8.284258490811293e-06,NORMAL,CRITICAL,2,pipe-defects-ybzjr_p09h0084-photo-01_jpg.rf.3073e4813f4ac43b7acaa4a0665d68d9.jpg,Medium,3.0,Numeric:NORMAL(0) Vision:CRITICAL(3) Coastal:Medium(+0.2) Age:3.0(+0.0) Failures:1(+0.5) Score:3.70,Risk=0.000 NORMAL.,"2 defects, high-confidence crack.","['[collect] SITE0042', '[numeric] NORMAL', '[vision] CRITICAL', '[merge] score=3.70', '[decision] HIGH']",2026-07-30T17:28:20.180453Z
WO-SITE0043-202607301728,SITE0043,Jabodetabek - Batam,BTS Tower,Jawa Tengah,HIGH,PRIORITY_STRUCTURAL_REPAIR: Crack repair within 48h,3500,18,1.088162280297719e-05,NORMAL,CRITICAL,14,pipe-defects-ybzjr_a4b8bfb5a418bf33304750f0c42f01a0_jpg.rf.9811b762f9bb5a0996176973ff72b5c4.jpg,Medium,12.0,Numeric:NORMAL(0) Vision:CRITICAL(3) Coastal:Medium(+0.2) Age:12.0(+0.7) Failures:0(+0.0) Score:3.90,Risk=0.000 NORMAL.,"14 defects, high-confidence crack.","['[collect] SITE0043', '[numeric] NORMAL', '[vision] CRITICAL', '[merge] score=3.90', '[decision] HIGH']",2026-07-30T17:28:20.185981Z
WO-SITE0044-202607301728,SITE0044,Jabodetabek - Kota Administrasi Jakarta Timur,Indoor BTS Room,Jawa Timur,HIGH,PRIORITY_STRUCTURAL_REPAIR: Crack repair within 48h,3500,18,2.340791392902e-05,NORMAL,CRITICAL,8,corrosion_detection-unzub_Bolts-in-non-salt-water-environments-and-not-in-constant-contact-with-water--such-as-this-one--are-more-than-likely-just-rusty-and-safe-for-climbing-_jpg.rf.2302c4f0d4e3e6b3a6b12b6fa3ada02d.jpg,Medium,9.0,Numeric:NORMAL(0) Vision:CRITICAL(3) Coastal:Medium(+0.2) Age:9.0(+0.4) Failures:0(+0.0) Score:3.60,Risk=0.000 NORMAL.,"8 defects, high-confidence crack.","['[collect] SITE0044', '[numeric] NORMAL', '[vision] CRITICAL', '[merge] score=3.60', '[decision] HIGH']",2026-07-30T17:28:20.191703Z
WO-SITE0045-202607301728,SITE0045,Sulawesi Selatan - Tanjungpinang,Indoor BTS Room,Kalimantan Timur,LOW,ROUTINE_MONITORING: Continue regular schedule,0,0,9.275714724337795e-06,NORMAL,CLEAN,0,corrosion-and-cracks-kuvur_corrosion-62-_jpeg.rf.79a4f977b4fdc01b014033dabce6d279.jpg,Low,3.0,Numeric:NORMAL(0) Vision:CLEAN(0) Coastal:Low(+0.0) Age:3.0(+0.0) Failures:0(+0.0) Score:0.00,Risk=0.000 NORMAL.,No defects. PASS.,"['[collect] SITE0045', '[numeric] NORMAL', '[vision] CLEAN', '[merge] score=0.00', '[decision] LOW']",2026-07-30T17:28:20.197402Z
WO-SITE0046-202607301728,SITE0046,Kalimantan Timur - Banjarmasin,Outdoor Cabinet,Jawa Tengah,LOW,ROUTINE_MONITORING: Continue regular schedule,0,0,1.983207917855909e-05,NORMAL,MEDIUM,12,corrosion_detection-unzub_blog-31-4-statistics-on-galvanic-corrosion_jpg.rf.0d44539a26c12098d7eac3ecf1fdd135.jpg,High,5.0,Numeric:NORMAL(0) Vision:MEDIUM(0) Coastal:High(+0.5) Age:5.0(+0.0) Failures:0(+0.0) Score:0.50,Risk=0.000 NORMAL.,12 corrosion regions.,"['[collect] SITE0046', '[numeric] NORMAL', '[vision] MEDIUM', '[merge] score=0.50', '[decision] LOW']",2026-07-30T17:28:20.203393Z
WO-SITE0047-202607301728,SITE0047,Jawa Tengah - Sukabumi,BTS Tower,Jawa Tengah,LOW,ROUTINE_MONITORING: Continue regular schedule,0,0,1.272330086060242e-05,NORMAL,CLEAN,0,corrosion-and-cracks-kuvur_corrosion-16-_jpeg.rf.b89aa6c01264061f4a363caf13dbc6fe.jpg,Low,5.0,Numeric:NORMAL(0) Vision:CLEAN(0) Coastal:Low(+0.0) Age:5.0(+0.0) Failures:0(+0.0) Score:0.00,Risk=0.000 NORMAL.,No defects. PASS.,"['[collect] SITE0047', '[numeric] NORMAL', '[vision] CLEAN', '[merge] score=0.00', '[decision] LOW']",2026-07-30T17:28:20.209566Z
WO-SITE0048-202607301728,SITE0048,Jawa Barat - Kotamobagu,BTS Tower,Sulawesi Selatan,LOW,ROUTINE_MONITORING: Continue regular schedule,0,0,6.679098979483547e-06,NORMAL,CLEAN,0,corrosion-and-cracks-kuvur_corrosion-44-_jpeg.rf.bb748a84146d3ea76e2d86079560daa7.jpg,Low,3.0,Numeric:NORMAL(0) Vision:CLEAN(0) Coastal:Low(+0.0) Age:3.0(+0.0) Failures:0(+0.0) Score:0.00,Risk=0.000 NORMAL.,No defects. PASS.,"['[collect] SITE0048', '[numeric] NORMAL', '[vision] CLEAN', '[merge] score=0.00', '[decision] LOW']",2026-07-30T17:28:20.215390Z
WO-SITE0049-202607301728,SITE0049,Bali-Nusra - Surakarta,BTS Tower,Jabodetabek,LOW,ROUTINE_MONITORING: Continue regular schedule,0,0,9.879570434302278e-06,NORMAL,CLEAN,0,corrosion-and-cracks-kuvur_corrosion-44-_jpeg.rf.e5f8fc2a4b8bc959fc758adb322a53df.jpg,Low,4.0,Numeric:NORMAL(0) Vision:CLEAN(0) Coastal:Low(+0.0) Age:4.0(+0.0) Failures:0(+0.0) Score:0.00,Risk=0.000 NORMAL.,No defects. PASS.,"['[collect] SITE0049', '[numeric] NORMAL', '[vision] CLEAN', '[merge] score=0.00', '[decision] LOW']",2026-07-30T17:28:20.221784Z
WO-SITE0050-202607301728,SITE0050,Jawa Barat - Banda Aceh,Microcell Pole,Jabodetabek,LOW,ROUTINE_MONITORING: Continue regular schedule,0,0,8.552906925332345e-06,NORMAL,CLEAN,0,corrosion_detection-unzub_Galvanic-corrosion-on-mask2_jpg.rf.c8331f260e48684332e3278721660a5d.jpg,Low,12.0,Numeric:NORMAL(0) Vision:CLEAN(0) Coastal:Low(+0.0) Age:12.0(+0.7) Failures:0(+0.0) Score:0.70,Risk=0.000 NORMAL.,No defects. PASS.,"['[collect] SITE0050', '[numeric] NORMAL', '[vision] CLEAN', '[merge] score=0.70', '[decision] LOW']",2026-07-30T17:28:20.227658Z
WO-SITE0051-202607301728,SITE0051,Jawa Timur - Manado,Indoor BTS Room,Bali-Nusra,LOW,ROUTINE_MONITORING: Continue regular schedule,0,0,9.456059862583773e-06,NORMAL,MEDIUM,7,corrosion_detection-unzub_corrosion-metal-rusty-pipe-corrosion-metal-rusty-pipe-abandoned-pier-237028044_jpg.rf.233614e4401886136209a420389fbfa4.jpg,Low,3.0,Numeric:NORMAL(0) Vision:MEDIUM(0) Coastal:Low(+0.0) Age:3.0(+0.0) Failures:0(+0.0) Score:0.00,Risk=0.000 NORMAL.,7 corrosion regions.,"['[collect] SITE0051', '[numeric] NORMAL', '[vision] MEDIUM', '[merge] score=0.00', '[decision] LOW']",2026-07-30T17:28:20.233979Z
WO-SITE0052-202607301728,SITE0052,Jawa Timur - Singkawang,Indoor BTS Room,Jawa Timur,LOW,ROUTINE_MONITORING: Continue regular schedule,0,0,6.004387040267784e-05,NORMAL,CLEAN,0,corrosion-and-cracks-kuvur_corrosion-73-_jpeg.rf.3675195e059111af178e8d4e70e4250d.jpg,Low,4.0,Numeric:NORMAL(0) Vision:CLEAN(0) Coastal:Low(+0.0) Age:4.0(+0.0) Failures:0(+0.0) Score:0.00,Risk=0.000 NORMAL.,No defects. PASS.,"['[collect] SITE0052', '[numeric] NORMAL', '[vision] CLEAN', '[merge] score=0.00', '[decision] LOW']",2026-07-30T17:28:20.239653Z
WO-SITE0053-202607301728,SITE0053,Kalimantan Timur - Payakumbuh,Microcell Pole,Sulawesi Selatan,LOW,ROUTINE_MONITORING: Continue regular schedule,0,0,9.282136820532756e-06,NORMAL,CLEAN,0,corrosion-and-cracks-kuvur_corrosion-19-_jpeg.rf.f50af082956be3007f97190bc97e4709.jpg,Medium,11.0,Numeric:NORMAL(0) Vision:CLEAN(0) Coastal:Medium(+0.2) Age:11.0(+0.6) Failures:0(+0.0) Score:0.80,Risk=0.000 NORMAL.,No defects. PASS.,"['[collect] SITE0053', '[numeric] NORMAL', '[vision] CLEAN', '[merge] score=0.80', '[decision] LOW']",2026-07-30T17:28:20.245887Z
WO-SITE0054-202607301728,SITE0054,Jawa Barat - Jambi,Outdoor Cabinet,Sumatera Utara,LOW,ROUTINE_MONITORING: Continue regular schedule,0,0,7.874316999872322e-06,NORMAL,MEDIUM,8,corrosion_detection-unzub_main-qimg-7c290a54e6fe1a059923ceebbf167164-lq_jpg.rf.81cedab94eec1d07aefaa8c8b56b65f9.jpg,Medium,6.0,Numeric:NORMAL(0) Vision:MEDIUM(0) Coastal:Medium(+0.2) Age:6.0(+0.1) Failures:0(+0.0) Score:0.30,Risk=0.000 NORMAL.,8 corrosion regions.,"['[collect] SITE0054', '[numeric] NORMAL', '[vision] MEDIUM', '[merge] score=0.30', '[decision] LOW']",2026-07-30T17:28:20.251600Z
WO-SITE0055-202607301728,SITE0055,Sulawesi Selatan - Blitar,Outdoor Cabinet,Sumatera Utara,LOW,ROUTINE_MONITORING: Continue regular schedule,0,0,9.589725876699454e-06,NORMAL,MEDIUM,8,corrosion_detection-unzub_Steel-rivets-on-a-copper-bar-submerged-in-3--sodium-chloride-solution-after-six-months_jpg.rf.900a19bf4d2d976e21ee9f2552602736.jpg,Medium,2.0,Numeric:NORMAL(0) Vision:MEDIUM(0) Coastal:Medium(+0.2) Age:2.0(+0.0) Failures:0(+0.0) Score:0.20,Risk=0.000 NORMAL.,8 corrosion regions.,"['[collect] SITE0055', '[numeric] NORMAL', '[vision] MEDIUM', '[merge] score=0.20', '[decision] LOW']",2026-07-30T17:28:20.257506Z
WO-SITE0056-202607301728,SITE0056,Kalimantan Timur - Mojokerto,Microcell Pole,Jawa Tengah,LOW,ROUTINE_MONITORING: Continue regular schedule,0,0,1.1397421005740508e-05,NORMAL,MEDIUM,5,corrosion_detection-unzub_A-multi-metal-contact-point-copper-iron-and-stainless-steel-with-paint-coating-layers_png.rf.7d9d2e913ed1a02a3af4689dd913c815.jpg,Medium,11.0,Numeric:NORMAL(0) Vision:MEDIUM(0) Coastal:Medium(+0.2) Age:11.0(+0.6) Failures:0(+0.0) Score:0.80,Risk=0.000 NORMAL.,5 corrosion regions.,"['[collect] SITE0056', '[numeric] NORMAL', '[vision] MEDIUM', '[merge] score=0.80', '[decision] LOW']",2026-07-30T17:28:20.263242Z
WO-SITE0057-202607301728,SITE0057,Kalimantan Timur - Payakumbuh,Microcell Pole,Sulawesi Selatan,HIGH,PRIORITY_STRUCTURAL_REPAIR: Crack repair within 48h,3500,18,1.3457850169222558e-05,NORMAL,CRITICAL,11,corrosion_detection-unzub_Pitting-corrosion-on-the-wall-of-an-Cr18-Ni10-austenitic-stainless-steel-tank-_jpg.rf.e84de6d7abfc1baeedfdddb2ed959039.jpg,Low,10.0,Numeric:NORMAL(0) Vision:CRITICAL(3) Coastal:Low(+0.0) Age:10.0(+0.5) Failures:1(+0.5) Score:4.00,Risk=0.000 NORMAL.,"11 defects, high-confidence crack.","['[collect] SITE0057', '[numeric] NORMAL', '[vision] CRITICAL', '[merge] score=4.00', '[decision] HIGH']",2026-07-30T17:28:20.269126Z
WO-SITE0058-202607301728,SITE0058,Jawa Barat - Cimahi,Indoor BTS Room,Jabodetabek,LOW,ROUTINE_MONITORING: Continue regular schedule,0,0,7.254580519078699e-06,NORMAL,MEDIUM,9,corrosion_detection-unzub_408x240p204x120_jpg.rf.d675d807ea5d612296c4d4cc35c854f4.jpg,Low,7.0,Numeric:NORMAL(0) Vision:MEDIUM(0) Coastal:Low(+0.0) Age:7.0(+0.2) Failures:0(+0.0) Score:0.20,Risk=0.000 NORMAL.,9 corrosion regions.,"['[collect] SITE0058', '[numeric] NORMAL', '[vision] MEDIUM', '[merge] score=0.20', '[decision] LOW']",2026-07-30T17:28:20.275032Z
WO-SITE0059-202607301728,SITE0059,Jabodetabek - Padang,Microcell Pole,Sulawesi Selatan,LOW,ROUTINE_MONITORING: Continue regular schedule,0,0,1.4872829990466774e-05,NORMAL,MEDIUM,4,corrosion_detection-unzub_Crevice-corrosion-occurs-in-areas-of-restricted-geometries--However--the-strategies-that-deal-with-it-depend-on-the-affected-materials-and-operating-mechanisms-_jpg.rf.a63192db550a9d51227467e9b38e9ac0.jpg,Low,5.0,Numeric:NORMAL(0) Vision:MEDIUM(0) Coastal:Low(+0.0) Age:5.0(+0.0) Failures:0(+0.0) Score:0.00,Risk=0.000 NORMAL.,4 corrosion regions.,"['[collect] SITE0059', '[numeric] NORMAL', '[vision] MEDIUM', '[merge] score=0.00', '[decision] LOW']",2026-07-30T17:28:20.280993Z
WO-SITE0060-202607301728,SITE0060,Jawa Barat - Bogor,BTS Tower,Jawa Timur,LOW,ROUTINE_MONITORING: Continue regular schedule,0,0,9.20988371932996e-06,NORMAL,CLEAN,0,corrosion-and-cracks-kuvur_corrosion-37-_jpeg.rf.74d6d2285600c1856e175cb377e43f49.jpg,Low,4.0,Numeric:NORMAL(0) Vision:CLEAN(0) Coastal:Low(+0.0) Age:4.0(+0.0) Failures:0(+0.0) Score:0.00,Risk=0.000 NORMAL.,No defects. PASS.,"['[collect] SITE0060', '[numeric] NORMAL', '[vision] CLEAN', '[merge] score=0.00', '[decision] LOW']",2026-07-30T17:28:20.286644Z
WO-SITE0061-202607301728,SITE0061,Jabodetabek - Purwokerto,Outdoor Cabinet,Sumatera Utara,LOW,ROUTINE_MONITORING: Continue regular schedule,0,0,1.521586863828341e-05,NORMAL,CLEAN,0,corrosion-and-cracks-kuvur_corrosion-4-_jpeg.rf.a80a982df2f3182563af7d44c4b0dcb4.jpg,Low,8.0,Numeric:NORMAL(0) Vision:CLEAN(0) Coastal:Low(+0.0) Age:8.0(+0.3) Failures:0(+0.0) Score:0.30,Risk=0.000 NORMAL.,No defects. PASS.,"['[collect] SITE0061', '[numeric] NORMAL', '[vision] CLEAN', '[merge] score=0.30', '[decision] LOW']",2026-07-30T17:28:20.292249Z
WO-SITE0062-202607301728,SITE0062,Sumatera Utara - Tarakan,Microcell Pole,Jawa Tengah,LOW,ROUTINE_MONITORING: Continue regular schedule,0,0,1.022078975352176e-05,NORMAL,CLEAN,0,corrosion-and-cracks-kuvur_corrosion-62-_jpeg.rf.79a4f977b4fdc01b014033dabce6d279.jpg,Low,2.0,Numeric:NORMAL(0) Vision:CLEAN(0) Coastal:Low(+0.0) Age:2.0(+0.0) Failures:0(+0.0) Score:0.00,Risk=0.000 NORMAL.,No defects. PASS.,"['[collect] SITE0062', '[numeric] NORMAL', '[vision] CLEAN', '[merge] score=0.00', '[decision] LOW']",2026-07-30T17:28:20.298548Z
WO-SITE0063-202607301728,SITE0063,Sulawesi Selatan - Manado,BTS Tower,Sumatera Utara,HIGH,PRIORITY_STRUCTURAL_REPAIR: Crack repair within 48h,3500,18,1.570237843916035e-05,NORMAL,CRITICAL,9,corrosion_detection-unzub_Adjacent-picture-shows-a-classic-example-of-galvanic-corrosion--a-stainless-steel-screw-in-contact-with-a-cadmium-plated-steel-washer-_jpg.rf.7f47419c6526a5a0675b5cf2dc094d32.jpg,Medium,5.0,Numeric:NORMAL(0) Vision:CRITICAL(3) Coastal:Medium(+0.2) Age:5.0(+0.0) Failures:1(+0.5) Score:3.70,Risk=0.000 NORMAL.,"9 defects, high-confidence crack.","['[collect] SITE0063', '[numeric] NORMAL', '[vision] CRITICAL', '[merge] score=3.70', '[decision] HIGH']",2026-07-30T17:28:20.304857Z
WO-SITE0064-202607301728,SITE0064,Jawa Barat - Kediri,Indoor BTS Room,Jabodetabek,HIGH,PRIORITY_STRUCTURAL_REPAIR: Crack repair within 48h,3500,18,9.367836927341886e-06,NORMAL,CRITICAL,14,pipe-defects-ybzjr_a4b8bfb5a418bf33304750f0c42f01a0_jpg.rf.9811b762f9bb5a0996176973ff72b5c4.jpg,Low,6.0,Numeric:NORMAL(0) Vision:CRITICAL(3) Coastal:Low(+0.0) Age:6.0(+0.1) Failures:1(+0.5) Score:3.60,Risk=0.000 NORMAL.,"14 defects, high-confidence crack.","['[collect] SITE0064', '[numeric] NORMAL', '[vision] CRITICAL', '[merge] score=3.60', '[decision] HIGH']",2026-07-30T17:28:20.310942Z
WO-SITE0065-202607301728,SITE0065,Jawa Timur - Bau-Bau,BTS Tower,Sumatera Utara,LOW,ROUTINE_MONITORING: Continue regular schedule,0,0,1.4669318171329964e-05,NORMAL,MEDIUM,9,pipe-defects-ybzjr_fig-6-pinhole-leaks-in-copper-tubing_jpg.rf.f71f0cf56237645918ab6076d7c7ff52.jpg,High,11.0,Numeric:NORMAL(0) Vision:MEDIUM(0) Coastal:High(+0.5) Age:11.0(+0.6) Failures:0(+0.0) Score:1.10,Risk=0.000 NORMAL.,9 corrosion regions.,"['[collect] SITE0065', '[numeric] NORMAL', '[vision] MEDIUM', '[merge] score=1.10', '[decision] LOW']",2026-07-30T17:28:20.317251Z
WO-SITE0066-202607301728,SITE0066,Kalimantan Timur - Bukittinggi,Indoor BTS Room,Jawa Tengah,HIGH,PRIORITY_STRUCTURAL_REPAIR: Crack repair within 48h,3500,18,1.2717320012332404e-05,NORMAL,CRITICAL,4,corrosion_detection-unzub_main-qimg-dd1c9e2f7bbbaf14ab142360f5cb6b03-lq_jpg.rf.5d06d7dacfb7124dc3b6b03c353c954d.jpg,Medium,7.0,Numeric:NORMAL(0) Vision:CRITICAL(3) Coastal:Medium(+0.2) Age:7.0(+0.2) Failures:1(+0.5) Score:3.90,Risk=0.000 NORMAL.,"4 defects, high-confidence crack.","['[collect] SITE0066', '[numeric] NORMAL', '[vision] CRITICAL', '[merge] score=3.90', '[decision] HIGH']",2026-07-30T17:28:20.323630Z
WO-SITE0067-202607301728,SITE0067,Jawa Tengah - Surabaya,Indoor BTS Room,Jabodetabek,HIGH,PRIORITY_STRUCTURAL_REPAIR: Crack repair within 48h,3500,18,1.2980100326369268e-05,NORMAL,CRITICAL,3,corrosion_detection-unzub_surface-cast-iron-corrosion-pitted-260nw-1586460964_jpg.rf.f15b04c98a8af528d7a1116f55c9e2b5.jpg,Low,11.0,Numeric:NORMAL(0) Vision:CRITICAL(3) Coastal:Low(+0.0) Age:11.0(+0.6) Failures:1(+0.5) Score:4.10,Risk=0.000 NORMAL.,"3 defects, high-confidence crack.","['[collect] SITE0067', '[numeric] NORMAL', '[vision] CRITICAL', '[merge] score=4.10', '[decision] HIGH']",2026-07-30T17:28:20.330022Z
WO-SITE0068-202607301728,SITE0068,Sumatera Utara - Balikpapan,Outdoor Cabinet,Sumatera Utara,LOW,ROUTINE_MONITORING: Continue regular schedule,0,0,1.602990162742953e-05,NORMAL,CLEAN,0,corrosion-and-cracks-kuvur_corrosion-39-_jpeg.rf.656804bf8227fddbca6902c3aed9f43d.jpg,Medium,2.0,Numeric:NORMAL(0) Vision:CLEAN(0) Coastal:Medium(+0.2) Age:2.0(+0.0) Failures:0(+0.0) Score:0.20,Risk=0.000 NORMAL.,No defects. PASS.,"['[collect] SITE0068', '[numeric] NORMAL', '[vision] CLEAN', '[merge] score=0.20', '[decision] LOW']",2026-07-30T17:28:20.335658Z
WO-SITE0069-202607301728,SITE0069,Sulawesi Selatan - Semarang,BTS Tower,Sumatera Utara,LOW,ROUTINE_MONITORING: Continue regular schedule,0,0,9.895668953247352e-06,NORMAL,CLEAN,0,corrosion-and-cracks-kuvur_corrosion-45-_jpeg.rf.3c921dbcec8f5f55e4a6928afca8880e.jpg,High,8.0,Numeric:NORMAL(0) Vision:CLEAN(0) Coastal:High(+0.5) Age:8.0(+0.3) Failures:0(+0.0) Score:0.80,Risk=0.000 NORMAL.,No defects. PASS.,"['[collect] SITE0069', '[numeric] NORMAL', '[vision] CLEAN', '[merge] score=0.80', '[decision] LOW']",2026-07-30T17:28:20.341222Z
WO-SITE0070-202607301728,SITE0070,Jawa Timur - Kota Administrasi Jakarta Selatan,Microcell Pole,Jawa Timur,LOW,ROUTINE_MONITORING: Continue regular schedule,0,0,8.573314991876301e-06,NORMAL,CLEAN,0,corrosion-and-cracks-kuvur_corrosion-12-_jpeg.rf.ca4526b6bae9152fb2f60bf8e47d2475.jpg,Low,4.0,Numeric:NORMAL(0) Vision:CLEAN(0) Coastal:Low(+0.0) Age:4.0(+0.0) Failures:0(+0.0) Score:0.00,Risk=0.000 NORMAL.,No defects. PASS.,"['[collect] SITE0070', '[numeric] NORMAL', '[vision] CLEAN', '[merge] score=0.00', '[decision] LOW']",2026-07-30T17:28:20.347026Z
WO-SITE0071-202607301728,SITE0071,Bali-Nusra - Ambon,Microcell Pole,Sumatera Utara,HIGH,PRIORITY_STRUCTURAL_REPAIR: Crack repair within 48h,3500,18,1.0650363111985504e-05,NORMAL,CRITICAL,11,corrosion_detection-unzub_Pitting-corrosion-on-the-wall-of-an-Cr18-Ni10-austenitic-stainless-steel-tank-_jpg.rf.e84de6d7abfc1baeedfdddb2ed959039.jpg,Medium,2.0,Numeric:NORMAL(0) Vision:CRITICAL(3) Coastal:Medium(+0.2) Age:2.0(+0.0) Failures:0(+0.0) Score:3.20,Risk=0.000 NORMAL.,"11 defects, high-confidence crack.","['[collect] SITE0071', '[numeric] NORMAL', '[vision] CRITICAL', '[merge] score=3.20', '[decision] HIGH']",2026-07-30T17:28:20.352982Z
WO-SITE0072-202607301728,SITE0072,Jawa Timur - Padangpanjang,Outdoor Cabinet,Kalimantan Timur,HIGH,PRIORITY_STRUCTURAL_REPAIR: Crack repair within 48h,3500,18,5.234579126838925e-06,NORMAL,CRITICAL,5,pipe-defects-ybzjr_istockphoto-457074307-612x612_jpg.rf.4e259c1f26d58c93f6399f73d7b5df3b.jpg,Medium,7.0,Numeric:NORMAL(0) Vision:CRITICAL(3) Coastal:Medium(+0.2) Age:7.0(+0.2) Failures:0(+0.0) Score:3.40,Risk=0.000 NORMAL.,"5 defects, high-confidence crack.","['[collect] SITE0072', '[numeric] NORMAL', '[vision] CRITICAL', '[merge] score=3.40', '[decision] HIGH']",2026-07-30T17:28:20.359511Z
WO-SITE0073-202607301728,SITE0073,Jawa Barat - Singkawang,Indoor BTS Room,Kalimantan Timur,LOW,ROUTINE_MONITORING: Continue regular schedule,0,0,7.919102212588367e-06,NORMAL,MEDIUM,18,corrosion_detection-unzub_Severe-pitting-and-corrosion-to-the-heat-exchanger_jpg.rf.272ea569688feb91a5029a28ae2fb15f.jpg,High,12.0,Numeric:NORMAL(0) Vision:MEDIUM(0) Coastal:High(+0.5) Age:12.0(+0.7) Failures:0(+0.0) Score:1.20,Risk=0.000 NORMAL.,18 corrosion regions.,"['[collect] SITE0073', '[numeric] NORMAL', '[vision] MEDIUM', '[merge] score=1.20', '[decision] LOW']",2026-07-30T17:28:20.366084Z
WO-SITE0074-202607301728,SITE0074,Kalimantan Timur - Blitar,Indoor BTS Room,Jawa Timur,LOW,ROUTINE_MONITORING: Continue regular schedule,0,0,1.8482507065933164e-05,NORMAL,MEDIUM,10,corrosion_detection-unzub_Galvanic-Corrosion-Corrosion-with-an-Electric-Edge_jpg.rf.da3c21c70a91e968048d33533f828501.jpg,High,2.0,Numeric:NORMAL(0) Vision:MEDIUM(0) Coastal:High(+0.5) Age:2.0(+0.0) Failures:0(+0.0) Score:0.50,Risk=0.000 NORMAL.,10 corrosion regions.,"['[collect] SITE0074', '[numeric] NORMAL', '[vision] MEDIUM', '[merge] score=0.50', '[decision] LOW']",2026-07-30T17:28:20.372117Z
WO-SITE0075-202607301728,SITE0075,Jawa Tengah - Palu,Outdoor Cabinet,Sumatera Utara,HIGH,PRIORITY_STRUCTURAL_REPAIR: Crack repair within 48h,3500,18,1.0166316908098214e-05,NORMAL,CRITICAL,9,corrosion_detection-unzub_download2_jpg.rf.6aadf7c9e0732766f1094dc8e2a9528f.jpg,Low,5.0,Numeric:NORMAL(0) Vision:CRITICAL(3) Coastal:Low(+0.0) Age:5.0(+0.0) Failures:0(+0.0) Score:3.00,Risk=0.000 NORMAL.,"9 defects, high-confidence crack.","['[collect] SITE0075', '[numeric] NORMAL', '[vision] CRITICAL', '[merge] score=3.00', '[decision] HIGH']",2026-07-30T17:28:20.377942Z
WO-SITE0076-202607301728,SITE0076,Sulawesi Selatan - Mojokerto,Indoor BTS Room,Jawa Timur,LOW,ROUTINE_MONITORING: Continue regular schedule,0,0,1.5110834646851522e-05,NORMAL,CLEAN,0,corrosion-and-cracks-kuvur_corrosion-45-_jpeg.rf.3c921dbcec8f5f55e4a6928afca8880e.jpg,Medium,7.0,Numeric:NORMAL(0) Vision:CLEAN(0) Coastal:Medium(+0.2) Age:7.0(+0.2) Failures:0(+0.0) Score:0.40,Risk=0.000 NORMAL.,No defects. PASS.,"['[collect] SITE0076', '[numeric] NORMAL', '[vision] CLEAN', '[merge] score=0.40', '[decision] LOW']",2026-07-30T17:28:20.383900Z
WO-SITE0077-202607301728,SITE0077,Jawa Tengah - Mojokerto,BTS Tower,Sulawesi Selatan,LOW,ROUTINE_MONITORING: Continue regular schedule,0,0,9.12613280680914e-06,NORMAL,CLEAN,0,corrosion_detection-unzub_Setting-in-of-galvanic-corrosion-at-joints-of-different-metals-_jpg.rf.d4f2bb6703c7f1216a1d24dccd21fabd.jpg,Low,7.0,Numeric:NORMAL(0) Vision:CLEAN(0) Coastal:Low(+0.0) Age:7.0(+0.2) Failures:0(+0.0) Score:0.20,Risk=0.000 NORMAL.,No defects. PASS.,"['[collect] SITE0077', '[numeric] NORMAL', '[vision] CLEAN', '[merge] score=0.20', '[decision] LOW']",2026-07-30T17:28:20.389893Z
WO-SITE0078-202607301728,SITE0078,Jawa Timur - Pariaman,Outdoor Cabinet,Jabodetabek,LOW,ROUTINE_MONITORING: Continue regular schedule,0,0,1.0183648697750644e-05,NORMAL,MEDIUM,5,corrosion_detection-unzub_galvanic-corrosion_teahub-io-door-lock-_jpg.rf.fa758116bc3d88df0f0752b9de7e1db6.jpg,High,8.0,Numeric:NORMAL(0) Vision:MEDIUM(0) Coastal:High(+0.5) Age:8.0(+0.3) Failures:0(+0.0) Score:0.80,Risk=0.000 NORMAL.,5 corrosion regions.,"['[collect] SITE0078', '[numeric] NORMAL', '[vision] MEDIUM', '[merge] score=0.80', '[decision] LOW']",2026-07-30T17:28:20.396406Z
WO-SITE0079-202607301728,SITE0079,Kalimantan Timur - Banjarmasin,BTS Tower,Kalimantan Timur,LOW,ROUTINE_MONITORING: Continue regular schedule,0,0,9.24512415870994e-06,NORMAL,CLEAN,0,corrosion-and-cracks-kuvur_corrosion-74-_jpeg.rf.cbd3ff320f71b2c2cf66f3d11171e975.jpg,Low,10.0,Numeric:NORMAL(0) Vision:CLEAN(0) Coastal:Low(+0.0) Age:10.0(+0.5) Failures:0(+0.0) Score:0.50,Risk=0.000 NORMAL.,No defects. PASS.,"['[collect] SITE0079', '[numeric] NORMAL', '[vision] CLEAN', '[merge] score=0.50', '[decision] LOW']",2026-07-30T17:28:20.402749Z
WO-SITE0080-202607301728,SITE0080,Jawa Timur - Batam,BTS Tower,Jawa Tengah,LOW,ROUTINE_MONITORING: Continue regular schedule,0,0,9.942619789445116e-06,NORMAL,MEDIUM,4,pipe-defects-ybzjr_2013-05-sc-verif-pipe_jpg.rf.02db95be1cbffff239e5e2fd62416c74.jpg,Low,2.0,Numeric:NORMAL(0) Vision:MEDIUM(0) Coastal:Low(+0.0) Age:2.0(+0.0) Failures:0(+0.0) Score:0.00,Risk=0.000 NORMAL.,4 corrosion regions.,"['[collect] SITE0080', '[numeric] NORMAL', '[vision] MEDIUM', '[merge] score=0.00', '[decision] LOW']",2026-07-30T17:28:20.408716Z
WO-SITE0081-202607301728,SITE0081,Sulawesi Selatan - Palembang,Microcell Pole,Jawa Tengah,LOW,ROUTINE_MONITORING: Continue regular schedule,0,0,1.149202350686759e-05,NORMAL,CLEAN,0,corrosion-and-cracks-kuvur_corrosion-71-_jpeg.rf.752997f9e8f84ee6dfa9071127ac9f37.jpg,Low,6.0,Numeric:NORMAL(0) Vision:CLEAN(0) Coastal:Low(+0.0) Age:6.0(+0.1) Failures:0(+0.0) Score:0.10,Risk=0.000 NORMAL.,No defects. PASS.,"['[collect] SITE0081', '[numeric] NORMAL', '[vision] CLEAN', '[merge] score=0.10', '[decision] LOW']",2026-07-30T17:28:20.414938Z
WO-SITE0082-202607301728,SITE0082,Jawa Tengah - Binjai,BTS Tower,Kalimantan Timur,LOW,ROUTINE_MONITORING: Continue regular schedule,0,0,1.0700536448033275e-05,NORMAL,MEDIUM,1,corrosion-and-cracks-kuvur_corrosion-59-_jpeg.rf.48ceceea5ed8fafca6d60309ceca5014.jpg,Low,2.0,Numeric:NORMAL(0) Vision:MEDIUM(0) Coastal:Low(+0.0) Age:2.0(+0.0) Failures:0(+0.0) Score:0.00,Risk=0.000 NORMAL.,1 corrosion regions.,"['[collect] SITE0082', '[numeric] NORMAL', '[vision] MEDIUM', '[merge] score=0.00', '[decision] LOW']",2026-07-30T17:28:20.421248Z
WO-SITE0083-202607301728,SITE0083,Jabodetabek - Serang,Outdoor Cabinet,Jawa Barat,LOW,ROUTINE_MONITORING: Continue regular schedule,0,0,7.796829656805416e-06,NORMAL,MEDIUM,15,corrosion_detection-unzub_large-sacrificial-anode-on-steel-hull-of-canal-narrow-barge-boat-in-ETN2R5_jpg.rf.89e42e4adad513f47884a5f065fd6724.jpg,Medium,10.0,Numeric:NORMAL(0) Vision:MEDIUM(0) Coastal:Medium(+0.2) Age:10.0(+0.5) Failures:0(+0.0) Score:0.70,Risk=0.000 NORMAL.,15 corrosion regions.,"['[collect] SITE0083', '[numeric] NORMAL', '[vision] MEDIUM', '[merge] score=0.70', '[decision] LOW']",2026-07-30T17:28:20.427187Z
WO-SITE0084-202607301728,SITE0084,Sulawesi Selatan - Bima,BTS Tower,Kalimantan Timur,HIGH,PRIORITY_STRUCTURAL_REPAIR: Crack repair within 48h,3500,18,1.7120731501038798e-05,NORMAL,CRITICAL,5,pipe-defects-ybzjr_broken-pipe_jpg.rf.f0794a6d700ea3990ba315c003ffff85.jpg,High,2.0,Numeric:NORMAL(0) Vision:CRITICAL(3) Coastal:High(+0.5) Age:2.0(+0.0) Failures:0(+0.0) Score:3.50,Risk=0.000 NORMAL.,"5 defects, high-confidence crack.","['[collect] SITE0084', '[numeric] NORMAL', '[vision] CRITICAL', '[merge] score=3.50', '[decision] HIGH']",2026-07-30T17:28:20.433239Z
WO-SITE0085-202607301728,SITE0085,Jabodetabek - Salatiga,Outdoor Cabinet,Bali-Nusra,HIGH,PRIORITY_STRUCTURAL_REPAIR: Crack repair within 48h,3500,18,7.911112263058454e-06,NORMAL,CRITICAL,4,pipe-defects-ybzjr_a4b8bfb5a418bf33304750f0c42f01a0_jpg.rf.9f778749daee24004f7284a4991c0cb0.jpg,Low,2.0,Numeric:NORMAL(0) Vision:CRITICAL(3) Coastal:Low(+0.0) Age:2.0(+0.0) Failures:1(+0.5) Score:3.50,Risk=0.000 NORMAL.,"4 defects, high-confidence crack.","['[collect] SITE0085', '[numeric] NORMAL', '[vision] CRITICAL', '[merge] score=3.50', '[decision] HIGH']",2026-07-30T17:28:20.440009Z
WO-SITE0086-202607301728,SITE0086,Jawa Barat - Prabumulih,BTS Tower,Bali-Nusra,HIGH,PRIORITY_STRUCTURAL_REPAIR: Crack repair within 48h,3500,18,1.0266392479579105e-05,NORMAL,CRITICAL,12,corrosion_detection-unzub_corrosion-metal-rusty-bollard-abandoned-pier-221587764_jpg.rf.403b9b04082d1dd3ee477b5049e7e10d.jpg,High,11.0,Numeric:NORMAL(0) Vision:CRITICAL(3) Coastal:High(+0.5) Age:11.0(+0.6) Failures:0(+0.0) Score:4.10,Risk=0.000 NORMAL.,"12 defects, high-confidence crack.","['[collect] SITE0086', '[numeric] NORMAL', '[vision] CRITICAL', '[merge] score=4.10', '[decision] HIGH']",2026-07-30T17:28:20.450783Z
WO-SITE0087-202607301728,SITE0087,Jawa Timur - Mataram,Outdoor Cabinet,Jawa Timur,LOW,ROUTINE_MONITORING: Continue regular schedule,0,0,6.317376743484164e-06,NORMAL,CLEAN,0,corrosion-and-cracks-kuvur_corrosion-50-_jpeg.rf.22a2f1df5ce140ed99dfb0fcfaa08854.jpg,Low,8.0,Numeric:NORMAL(0) Vision:CLEAN(0) Coastal:Low(+0.0) Age:8.0(+0.3) Failures:0(+0.0) Score:0.30,Risk=0.000 NORMAL.,No defects. PASS.,"['[collect] SITE0087', '[numeric] NORMAL', '[vision] CLEAN', '[merge] score=0.30', '[decision] LOW']",2026-07-30T17:28:20.463062Z
WO-SITE0088-202607301728,SITE0088,Kalimantan Timur - Batu,BTS Tower,Bali-Nusra,LOW,ROUTINE_MONITORING: Continue regular schedule,0,0,6.399411735591959e-06,NORMAL,MEDIUM,7,corrosion_detection-unzub_images_jpg.rf.db415e20ed2d2552a1bc056d9fb95a72.jpg,High,5.0,Numeric:NORMAL(0) Vision:MEDIUM(0) Coastal:High(+0.5) Age:5.0(+0.0) Failures:0(+0.0) Score:0.50,Risk=0.000 NORMAL.,7 corrosion regions.,"['[collect] SITE0088', '[numeric] NORMAL', '[vision] MEDIUM', '[merge] score=0.50', '[decision] LOW']",2026-07-30T17:28:20.474091Z
WO-SITE0089-202607301728,SITE0089,Jawa Timur - Singkawang,BTS Tower,Jawa Tengah,LOW,ROUTINE_MONITORING: Continue regular schedule,0,0,7.730234245677904e-06,NORMAL,CLEAN,0,corrosion_detection-unzub_Setting-in-of-galvanic-corrosion-at-joints-of-different-metals-_jpg.rf.693c7127a6ebbb7ed7c27d88ffc446de.jpg,Low,3.0,Numeric:NORMAL(0) Vision:CLEAN(0) Coastal:Low(+0.0) Age:3.0(+0.0) Failures:0(+0.0) Score:0.00,Risk=0.000 NORMAL.,No defects. PASS.,"['[collect] SITE0089', '[numeric] NORMAL', '[vision] CLEAN', '[merge] score=0.00', '[decision] LOW']",2026-07-30T17:28:20.484443Z
WO-SITE0090-202607301728,SITE0090,Jawa Tengah - Bukittinggi,BTS Tower,Bali-Nusra,HIGH,PRIORITY_STRUCTURAL_REPAIR: Crack repair within 48h,3500,18,8.209484563656282e-06,NORMAL,CRITICAL,8,corrosion_detection-unzub_Bolts-in-non-salt-water-environments-and-not-in-constant-contact-with-water--such-as-this-one--are-more-than-likely-just-rusty-and-safe-for-climbing-_jpg.rf.5df06376155452ffce6406c563b855b9.jpg,Low,3.0,Numeric:NORMAL(0) Vision:CRITICAL(3) Coastal:Low(+0.0) Age:3.0(+0.0) Failures:0(+0.0) Score:3.00,Risk=0.000 NORMAL.,"8 defects, high-confidence crack.","['[collect] SITE0090', '[numeric] NORMAL', '[vision] CRITICAL', '[merge] score=3.00', '[decision] HIGH']",2026-07-30T17:28:20.490650Z
WO-SITE0091-202607301728,SITE0091,Jawa Barat - Malang,Outdoor Cabinet,Bali-Nusra,LOW,ROUTINE_MONITORING: Continue regular schedule,0,0,1.0738403831424553e-05,NORMAL,MEDIUM,10,corrosion-and-cracks-kuvur_corrosion-53-_jpeg.rf.e30648e2534476d98656f4e781d89e09.jpg,Low,2.0,Numeric:NORMAL(0) Vision:MEDIUM(0) Coastal:Low(+0.0) Age:2.0(+0.0) Failures:0(+0.0) Score:0.00,Risk=0.000 NORMAL.,10 corrosion regions.,"['[collect] SITE0091', '[numeric] NORMAL', '[vision] MEDIUM', '[merge] score=0.00', '[decision] LOW']",2026-07-30T17:28:20.496626Z
WO-SITE0092-202607301728,SITE0092,Bali-Nusra - Parepare,Microcell Pole,Bali-Nusra,LOW,ROUTINE_MONITORING: Continue regular schedule,0,0,9.747934098700938e-06,NORMAL,MEDIUM,5,corrosion_detection-unzub_close-up-of-rusty-wheel-arches-on-a-silver-car-automobile-corrosion-and-the-effect-of-road-stock-images_csp92731156_jpg.rf.d4f96d9fc64971a2cf9d63721b129dd4.jpg,Medium,8.0,Numeric:NORMAL(0) Vision:MEDIUM(0) Coastal:Medium(+0.2) Age:8.0(+0.3) Failures:0(+0.0) Score:0.50,Risk=0.000 NORMAL.,5 corrosion regions.,"['[collect] SITE0092', '[numeric] NORMAL', '[vision] MEDIUM', '[merge] score=0.50', '[decision] LOW']",2026-07-30T17:28:20.502506Z
WO-SITE0093-202607301728,SITE0093,Jawa Barat - Binjai,Microcell Pole,Jabodetabek,LOW,ROUTINE_MONITORING: Continue regular schedule,0,0,9.009305802721629e-06,NORMAL,CLEAN,0,pipe-defects-ybzjr_istockphoto-457208459-612x612_jpg.rf.a4961bf1833804b0673ff9a89143ce26.jpg,High,8.0,Numeric:NORMAL(0) Vision:CLEAN(0) Coastal:High(+0.5) Age:8.0(+0.3) Failures:0(+0.0) Score:0.80,Risk=0.000 NORMAL.,No defects. PASS.,"['[collect] SITE0093', '[numeric] NORMAL', '[vision] CLEAN', '[merge] score=0.80', '[decision] LOW']",2026-07-30T17:28:20.508204Z
WO-SITE0094-202607301728,SITE0094,Bali-Nusra - Pangkalpinang,Indoor BTS Room,Kalimantan Timur,LOW,ROUTINE_MONITORING: Continue regular schedule,0,0,1.7250471193397376e-05,NORMAL,CLEAN,0,corrosion-and-cracks-kuvur_corrosion-21-_jpeg.rf.3ab17e169ab9b8cf8b0503752d79d2f7.jpg,High,4.0,Numeric:NORMAL(0) Vision:CLEAN(0) Coastal:High(+0.5) Age:4.0(+0.0) Failures:0(+0.0) Score:0.50,Risk=0.000 NORMAL.,No defects. PASS.,"['[collect] SITE0094', '[numeric] NORMAL', '[vision] CLEAN', '[merge] score=0.50', '[decision] LOW']",2026-07-30T17:28:20.513599Z
WO-SITE0095-202607301728,SITE0095,Jawa Barat - Pariaman,Outdoor Cabinet,Sumatera Utara,LOW,ROUTINE_MONITORING: Continue regular schedule,0,0,9.41329149247952e-06,NORMAL,MEDIUM,7,corrosion_detection-unzub_images_jpg.rf.63cf30a5daf24d2e345af11f0b4455f1.jpg,Low,3.0,Numeric:NORMAL(0) Vision:MEDIUM(0) Coastal:Low(+0.0) Age:3.0(+0.0) Failures:0(+0.0) Score:0.00,Risk=0.000 NORMAL.,7 corrosion regions.,"['[collect] SITE0095', '[numeric] NORMAL', '[vision] MEDIUM', '[merge] score=0.00', '[decision] LOW']",2026-07-30T17:28:20.519097Z
WO-SITE0096-202607301728,SITE0096,Sumatera Utara - Bau-Bau,BTS Tower,Sulawesi Selatan,LOW,ROUTINE_MONITORING: Continue regular schedule,0,0,1.0930482410304658e-05,NORMAL,CLEAN,0,corrosion-and-cracks-kuvur_corrosion-75-_jpeg.rf.dc65cc82751608b5bbb401ffa481a582.jpg,Low,2.0,Numeric:NORMAL(0) Vision:CLEAN(0) Coastal:Low(+0.0) Age:2.0(+0.0) Failures:0(+0.0) Score:0.00,Risk=0.000 NORMAL.,No defects. PASS.,"['[collect] SITE0096', '[numeric] NORMAL', '[vision] CLEAN', '[merge] score=0.00', '[decision] LOW']",2026-07-30T17:28:20.524718Z
WO-SITE0097-202607301728,SITE0097,Jabodetabek - Bima,Outdoor Cabinet,Jabodetabek,LOW,ROUTINE_MONITORING: Continue regular schedule,0,0,6.754267856208057e-06,NORMAL,CLEAN,0,corrosion-and-cracks-kuvur_corrosion-39-_jpeg.rf.4e5e04c5de52db6df6b58ad304d32425.jpg,Low,6.0,Numeric:NORMAL(0) Vision:CLEAN(0) Coastal:Low(+0.0) Age:6.0(+0.1) Failures:0(+0.0) Score:0.10,Risk=0.000 NORMAL.,No defects. PASS.,"['[collect] SITE0097', '[numeric] NORMAL', '[vision] CLEAN', '[merge] score=0.10', '[decision] LOW']",2026-07-30T17:28:20.529999Z
WO-SITE0098-202607301728,SITE0098,Sumatera Utara - Ternate,Outdoor Cabinet,Kalimantan Timur,LOW,ROUTINE_MONITORING: Continue regular schedule,0,0,4.062691475530133e-05,NORMAL,MEDIUM,2,corrosion-and-cracks-kuvur_corrosion-5-_jpeg.rf.8bce28dba3a39e00b3813dead01011b3.jpg,Low,6.0,Numeric:NORMAL(0) Vision:MEDIUM(0) Coastal:Low(+0.0) Age:6.0(+0.1) Failures:0(+0.0) Score:0.10,Risk=0.000 NORMAL.,2 corrosion regions.,"['[collect] SITE0098', '[numeric] NORMAL', '[vision] MEDIUM', '[merge] score=0.10', '[decision] LOW']",2026-07-30T17:28:20.535767Z
WO-SITE0099-202607301728,SITE0099,Sulawesi Selatan - Pariaman,BTS Tower,Sulawesi Selatan,LOW,ROUTINE_MONITORING: Continue regular schedule,0,0,8.706727443373174e-06,NORMAL,CLEAN,0,corrosion-and-cracks-kuvur_corrosion-27-_jpeg.rf.3734556db6feaf2c6ab8a76cf748a6c7.jpg,Low,11.0,Numeric:NORMAL(0) Vision:CLEAN(0) Coastal:Low(+0.0) Age:11.0(+0.6) Failures:0(+0.0) Score:0.60,Risk=0.000 NORMAL.,No defects. PASS.,"['[collect] SITE0099', '[numeric] NORMAL', '[vision] CLEAN', '[merge] score=0.60', '[decision] LOW']",2026-07-30T17:28:20.541462Z
WO-SITE0100-202607301728,SITE0100,Jawa Timur - Pematangsiantar,BTS Tower,Sumatera Utara,HIGH,PRIORITY_STRUCTURAL_REPAIR: Crack repair within 48h,3500,18,1.3066105351524444e-05,NORMAL,CRITICAL,12,corrosion_detection-unzub_rspa20140254f01_jpg.rf.0efef08a3ac78e01c1f27fb2c76d9fe0.jpg,High,11.0,Numeric:NORMAL(0) Vision:CRITICAL(3) Coastal:High(+0.5) Age:11.0(+0.6) Failures:0(+0.0) Score:4.10,Risk=0.000 NORMAL.,"12 defects, high-confidence crack.","['[collect] SITE0100', '[numeric] NORMAL', '[vision] CRITICAL', '[merge] score=4.10', '[decision] HIGH']",2026-07-30T17:28:20.547358Z
WO-SITE0101-202607301728,SITE0101,Kalimantan Timur - Gorontalo,BTS Tower,Sulawesi Selatan,LOW,ROUTINE_MONITORING: Continue regular schedule,0,0,9.845147089790876e-06,NORMAL,CLEAN,0,corrosion-and-cracks-kuvur_corrosion-37-_jpeg.rf.74d6d2285600c1856e175cb377e43f49.jpg,Low,6.0,Numeric:NORMAL(0) Vision:CLEAN(0) Coastal:Low(+0.0) Age:6.0(+0.1) Failures:0(+0.0) Score:0.10,Risk=0.000 NORMAL.,No defects. PASS.,"['[collect] SITE0101', '[numeric] NORMAL', '[vision] CLEAN', '[merge] score=0.10', '[decision] LOW']",2026-07-30T17:28:20.552892Z
WO-SITE0102-202607301728,SITE0102,Sumatera Utara - Bontang,BTS Tower,Jabodetabek,LOW,ROUTINE_MONITORING: Continue regular schedule,0,0,9.321066359011782e-06,NORMAL,CLEAN,0,pipe-defects-ybzjr_istockphoto-459445883-612x612_jpg.rf.51c9112298a2b54a44cb869f037c6d4f.jpg,Medium,12.0,Numeric:NORMAL(0) Vision:CLEAN(0) Coastal:Medium(+0.2) Age:12.0(+0.7) Failures:0(+0.0) Score:0.90,Risk=0.000 NORMAL.,No defects. PASS.,"['[collect] SITE0102', '[numeric] NORMAL', '[vision] CLEAN', '[merge] score=0.90', '[decision] LOW']",2026-07-30T17:28:20.558730Z
WO-SITE0103-202607301728,SITE0103,Sumatera Utara - Tual,Microcell Pole,Sulawesi Selatan,LOW,ROUTINE_MONITORING: Continue regular schedule,0,0,5.2063106156864665e-06,NORMAL,CLEAN,0,corrosion-and-cracks-kuvur_corrosion-16-_jpeg.rf.9ed1b40b28438f965dc76fdd7910df1e.jpg,Low,9.0,Numeric:NORMAL(0) Vision:CLEAN(0) Coastal:Low(+0.0) Age:9.0(+0.4) Failures:0(+0.0) Score:0.40,Risk=0.000 NORMAL.,No defects. PASS.,"['[collect] SITE0103', '[numeric] NORMAL', '[vision] CLEAN', '[merge] score=0.40', '[decision] LOW']",2026-07-30T17:28:20.564143Z
WO-SITE0104-202607301728,SITE0104,Jabodetabek - Sukabumi,Microcell Pole,Jawa Timur,LOW,ROUTINE_MONITORING: Continue regular schedule,0,0,1.8475064229731988e-05,NORMAL,MEDIUM,22,corrosion_detection-unzub_XgwFu4rMj0aIPThJQJbUT92Ac0gTgc7c1607363452_jpg.rf.6df7d515dc6d83ebbbb89a0655e2cf54.jpg,High,6.0,Numeric:NORMAL(0) Vision:MEDIUM(0) Coastal:High(+0.5) Age:6.0(+0.1) Failures:1(+0.5) Score:1.10,Risk=0.000 NORMAL.,22 corrosion regions.,"['[collect] SITE0104', '[numeric] NORMAL', '[vision] MEDIUM', '[merge] score=1.10', '[decision] LOW']",2026-07-30T17:28:20.569978Z
WO-SITE0105-202607301728,SITE0105,Bali-Nusra - Tanjungpinang,Outdoor Cabinet,Sumatera Utara,LOW,ROUTINE_MONITORING: Continue regular schedule,0,0,8.420218454911957e-06,NORMAL,CLEAN,0,corrosion-and-cracks-kuvur_corrosion-74-_jpeg.rf.cbd3ff320f71b2c2cf66f3d11171e975.jpg,Low,6.0,Numeric:NORMAL(0) Vision:CLEAN(0) Coastal:Low(+0.0) Age:6.0(+0.1) Failures:0(+0.0) Score:0.10,Risk=0.000 NORMAL.,No defects. PASS.,"['[collect] SITE0105', '[numeric] NORMAL', '[vision] CLEAN', '[merge] score=0.10', '[decision] LOW']",2026-07-30T17:28:20.575181Z
WO-SITE0106-202607301728,SITE0106,Jawa Tengah - Pematangsiantar,Microcell Pole,Kalimantan Timur,LOW,ROUTINE_MONITORING: Continue regular schedule,0,0,1.3058640279884589e-05,NORMAL,MEDIUM,12,corrosion_detection-unzub_pit-corrosion-in-aisi-rolled-steel_jpg.rf.aafb055a0b72349dd5f46a09276be230.jpg,Low,10.0,Numeric:NORMAL(0) Vision:MEDIUM(0) Coastal:Low(+0.0) Age:10.0(+0.5) Failures:0(+0.0) Score:0.50,Risk=0.000 NORMAL.,12 corrosion regions.,"['[collect] SITE0106', '[numeric] NORMAL', '[vision] MEDIUM', '[merge] score=0.50', '[decision] LOW']",2026-07-30T17:28:20.580515Z
WO-SITE0107-202607301728,SITE0107,Sumatera Utara - Cimahi,Microcell Pole,Jawa Timur,LOW,ROUTINE_MONITORING: Continue regular schedule,0,0,1.0158153617928137e-05,NORMAL,CLEAN,0,corrosion-and-cracks-kuvur_corrosion-24-_jpeg.rf.4181b39198e1a8f19000cf37dbf626c4.jpg,Low,8.0,Numeric:NORMAL(0) Vision:CLEAN(0) Coastal:Low(+0.0) Age:8.0(+0.3) Failures:0(+0.0) Score:0.30,Risk=0.000 NORMAL.,No defects. PASS.,"['[collect] SITE0107', '[numeric] NORMAL', '[vision] CLEAN', '[merge] score=0.30', '[decision] LOW']",2026-07-30T17:28:20.585861Z
WO-SITE0108-202607301728,SITE0108,Kalimantan Timur - Yogyakarta,BTS Tower,Jawa Tengah,LOW,ROUTINE_MONITORING: Continue regular schedule,0,0,1.978784876241988e-05,NORMAL,MEDIUM,4,corrosion_detection-unzub_image-4_jpg.rf.733cd152ba6b58c8a7aa5c4c5d68eedb.jpg,High,2.0,Numeric:NORMAL(0) Vision:MEDIUM(0) Coastal:High(+0.5) Age:2.0(+0.0) Failures:0(+0.0) Score:0.50,Risk=0.000 NORMAL.,4 corrosion regions.,"['[collect] SITE0108', '[numeric] NORMAL', '[vision] MEDIUM', '[merge] score=0.50', '[decision] LOW']",2026-07-30T17:28:20.591248Z
WO-SITE0109-202607301728,SITE0109,Bali-Nusra - Prabumulih,Outdoor Cabinet,Bali-Nusra,LOW,ROUTINE_MONITORING: Continue regular schedule,0,0,1.1742741568870582e-05,NORMAL,CLEAN,0,corrosion-and-cracks-kuvur_corrosion-62-_jpeg.rf.3fb47b88414544da64b1b72d8b5cdfd9.jpg,Low,9.0,Numeric:NORMAL(0) Vision:CLEAN(0) Coastal:Low(+0.0) Age:9.0(+0.4) Failures:0(+0.0) Score:0.40,Risk=0.000 NORMAL.,No defects. PASS.,"['[collect] SITE0109', '[numeric] NORMAL', '[vision] CLEAN', '[merge] score=0.40', '[decision] LOW']",2026-07-30T17:28:20.597141Z
WO-SITE0110-202607301728,SITE0110,Jawa Tengah - Subulussalam,Outdoor Cabinet,Jawa Timur,LOW,ROUTINE_MONITORING: Continue regular schedule,0,0,9.698517230017288e-06,NORMAL,CLEAN,0,corrosion-and-cracks-kuvur_corrosion-39-_jpeg.rf.d787bcb588519d9c9c79c84c382e0cfe.jpg,Low,6.0,Numeric:NORMAL(0) Vision:CLEAN(0) Coastal:Low(+0.0) Age:6.0(+0.1) Failures:0(+0.0) Score:0.10,Risk=0.000 NORMAL.,No defects. PASS.,"['[collect] SITE0110', '[numeric] NORMAL', '[vision] CLEAN', '[merge] score=0.10', '[decision] LOW']",2026-07-30T17:28:20.602489Z
WO-SITE0111-202607301728,SITE0111,Jawa Barat - Singkawang,Indoor BTS Room,Jawa Timur,HIGH,PRIORITY_STRUCTURAL_REPAIR: Crack repair within 48h,3500,18,1.5266238438169375e-05,NORMAL,CRITICAL,11,corrosion_detection-unzub_Crevice-corrosion-of-metal-coupling-proximity_jpg.rf.c0921577ce2745f27c87642b28863fd7.jpg,Low,4.0,Numeric:NORMAL(0) Vision:CRITICAL(3) Coastal:Low(+0.0) Age:4.0(+0.0) Failures:0(+0.0) Score:3.00,Risk=0.000 NORMAL.,"11 defects, high-confidence crack.","['[collect] SITE0111', '[numeric] NORMAL', '[vision] CRITICAL', '[merge] score=3.00', '[decision] HIGH']",2026-07-30T17:28:20.607933Z
WO-SITE0112-202607301728,SITE0112,Jabodetabek - Kendari,Microcell Pole,Kalimantan Timur,HIGH,PRIORITY_STRUCTURAL_REPAIR: Crack repair within 48h,3500,18,9.763332483155953e-06,NORMAL,CRITICAL,4,corrosion_detection-unzub_main-qimg-dd1c9e2f7bbbaf14ab142360f5cb6b03-lq_jpg.rf.7d0aacc51e1788988bd7808e382a3751.jpg,Low,9.0,Numeric:NORMAL(0) Vision:CRITICAL(3) Coastal:Low(+0.0) Age:9.0(+0.4) Failures:1(+0.5) Score:3.90,Risk=0.000 NORMAL.,"4 defects, high-confidence crack.","['[collect] SITE0112', '[numeric] NORMAL', '[vision] CRITICAL', '[merge] score=3.90', '[decision] HIGH']",2026-07-30T17:28:20.613636Z
WO-SITE0113-202607301728,SITE0113,Kalimantan Timur - Ternate,Indoor BTS Room,Sulawesi Selatan,HIGH,PRIORITY_STRUCTURAL_REPAIR: Crack repair within 48h,3500,18,5.994458565060912e-06,NORMAL,CRITICAL,4,pipe-defects-ybzjr_20210213-122216-1A_Frozen-Pipes-2_jpg.rf.d0a12149a7c144bad03fb08e3bec1af3.jpg,Low,9.0,Numeric:NORMAL(0) Vision:CRITICAL(3) Coastal:Low(+0.0) Age:9.0(+0.4) Failures:1(+0.5) Score:3.90,Risk=0.000 NORMAL.,"4 defects, high-confidence crack.","['[collect] SITE0113', '[numeric] NORMAL', '[vision] CRITICAL', '[merge] score=3.90', '[decision] HIGH']",2026-07-30T17:28:20.619074Z
WO-SITE0114-202607301728,SITE0114,Sulawesi Selatan - Dumai,Outdoor Cabinet,Jawa Timur,HIGH,PRIORITY_STRUCTURAL_REPAIR: Crack repair within 48h,3500,18,1.027498517771977e-05,NORMAL,CRITICAL,7,pipe-defects-ybzjr_fig-6-pinhole-leaks-in-copper-tubing_jpg.rf.ac0e1e11dc0bfd03fae9219b99de513b.jpg,Medium,3.0,Numeric:NORMAL(0) Vision:CRITICAL(3) Coastal:Medium(+0.2) Age:3.0(+0.0) Failures:1(+0.5) Score:3.70,Risk=0.000 NORMAL.,"7 defects, high-confidence crack.","['[collect] SITE0114', '[numeric] NORMAL', '[vision] CRITICAL', '[merge] score=3.70', '[decision] HIGH']",2026-07-30T17:28:20.624620Z
WO-SITE0115-202607301728,SITE0115,Kalimantan Timur - Manado,Microcell Pole,Kalimantan Timur,LOW,ROUTINE_MONITORING: Continue regular schedule,0,0,3.73897147465335e-05,NORMAL,CLEAN,0,corrosion-and-cracks-kuvur_corrosion-50-_jpeg.rf.22a2f1df5ce140ed99dfb0fcfaa08854.jpg,High,6.0,Numeric:NORMAL(0) Vision:CLEAN(0) Coastal:High(+0.5) Age:6.0(+0.1) Failures:0(+0.0) Score:0.60,Risk=0.000 NORMAL.,No defects. PASS.,"['[collect] SITE0115', '[numeric] NORMAL', '[vision] CLEAN', '[merge] score=0.60', '[decision] LOW']",2026-07-30T17:28:20.629915Z
WO-SITE0116-202607301728,SITE0116,Jabodetabek - Bandar Lampung,Microcell Pole,Bali-Nusra,HIGH,PRIORITY_STRUCTURAL_REPAIR: Crack repair within 48h,3500,18,1.2539915939063732e-05,NORMAL,CRITICAL,4,pipe-defects-ybzjr_featured-image-burst-pipe-jpeg_jpg.rf.790094dc13e231a1a5c338f9a1f653c4.jpg,High,10.0,Numeric:NORMAL(0) Vision:CRITICAL(3) Coastal:High(+0.5) Age:10.0(+0.5) Failures:0(+0.0) Score:4.00,Risk=0.000 NORMAL.,"4 defects, high-confidence crack.","['[collect] SITE0116', '[numeric] NORMAL', '[vision] CRITICAL', '[merge] score=4.00', '[decision] HIGH']",2026-07-30T17:28:20.635448Z
WO-SITE0117-202607301728,SITE0117,Kalimantan Timur - Parepare,Microcell Pole,Bali-Nusra,LOW,ROUTINE_MONITORING: Continue regular schedule,0,0,1.3228453953847244e-05,NORMAL,CLEAN,0,corrosion-and-cracks-kuvur_corrosion-21-_jpeg.rf.a9b02434ab74b855a57fd08533ea84bb.jpg,High,11.0,Numeric:NORMAL(0) Vision:CLEAN(0) Coastal:High(+0.5) Age:11.0(+0.6) Failures:0(+0.0) Score:1.10,Risk=0.000 NORMAL.,No defects. PASS.,"['[collect] SITE0117', '[numeric] NORMAL', '[vision] CLEAN', '[merge] score=1.10', '[decision] LOW']",2026-07-30T17:28:20.641105Z
WO-SITE0118-202607301728,SITE0118,Jawa Tengah - Depok,Outdoor Cabinet,Jawa Barat,LOW,ROUTINE_MONITORING: Continue regular schedule,0,0,6.79133093002941e-06,NORMAL,MEDIUM,13,corrosion_detection-unzub_Fig-2-Picture-of-crevice-corrosion-in-a-ball-valve-body-made-of-stainless-steel-316_png.rf.e1761d5f78e14270b4c012697f2bca99.jpg,Low,9.0,Numeric:NORMAL(0) Vision:MEDIUM(0) Coastal:Low(+0.0) Age:9.0(+0.4) Failures:0(+0.0) Score:0.40,Risk=0.000 NORMAL.,13 corrosion regions.,"['[collect] SITE0118', '[numeric] NORMAL', '[vision] MEDIUM', '[merge] score=0.40', '[decision] LOW']",2026-07-30T17:28:20.646395Z
WO-SITE0119-202607301728,SITE0119,Jabodetabek - Palopo,BTS Tower,Jawa Tengah,HIGH,PRIORITY_STRUCTURAL_REPAIR: Crack repair within 48h,3500,18,1.7671608515226303e-05,NORMAL,CRITICAL,12,corrosion_detection-unzub_rspa20140254f01_jpg.rf.214d5dcd4a9ee5253ae76202e38ec0e4.jpg,High,11.0,Numeric:NORMAL(0) Vision:CRITICAL(3) Coastal:High(+0.5) Age:11.0(+0.6) Failures:0(+0.0) Score:4.10,Risk=0.000 NORMAL.,"12 defects, high-confidence crack.","['[collect] SITE0119', '[numeric] NORMAL', '[vision] CRITICAL', '[merge] score=4.10', '[decision] HIGH']",2026-07-30T17:28:20.651745Z
WO-SITE0120-202607301728,SITE0120,Sumatera Utara - Mataram,Outdoor Cabinet,Sumatera Utara,HIGH,PRIORITY_STRUCTURAL_REPAIR: Crack repair within 48h,3500,18,9.695711057960795e-06,NORMAL,CRITICAL,8,corrosion_detection-unzub_Bolts-in-non-salt-water-environments-and-not-in-constant-contact-with-water--such-as-this-one--are-more-than-likely-just-rusty-and-safe-for-climbing-_jpg.rf.5df06376155452ffce6406c563b855b9.jpg,Low,2.0,Numeric:NORMAL(0) Vision:CRITICAL(3) Coastal:Low(+0.0) Age:2.0(+0.0) Failures:1(+0.5) Score:3.50,Risk=0.000 NORMAL.,"8 defects, high-confidence crack.","['[collect] SITE0120', '[numeric] NORMAL', '[vision] CRITICAL', '[merge] score=3.50', '[decision] HIGH']",2026-07-30T17:28:20.657227Z
WO-SITE0121-202607301728,SITE0121,Jawa Barat - Jayapura,BTS Tower,Sumatera Utara,LOW,ROUTINE_MONITORING: Continue regular schedule,0,0,1.051517443225613e-05,NORMAL,MEDIUM,6,corrosion-and-cracks-kuvur_corrosion-6-_jpeg.rf.71779a71775f0ee2a9f9e4da81a4de9c.jpg,Medium,11.0,Numeric:NORMAL(0) Vision:MEDIUM(0) Coastal:Medium(+0.2) Age:11.0(+0.6) Failures:0(+0.0) Score:0.80,Risk=0.000 NORMAL.,6 corrosion regions.,"['[collect] SITE0121', '[numeric] NORMAL', '[vision] MEDIUM', '[merge] score=0.80', '[decision] LOW']",2026-07-30T17:28:20.662947Z
WO-SITE0122-202607301728,SITE0122,Sumatera Utara - Kediri,Outdoor Cabinet,Jabodetabek,LOW,ROUTINE_MONITORING: Continue regular schedule,0,0,8.240510366608024e-06,NORMAL,MEDIUM,9,corrosion_detection-unzub_the-prevention-of-corrosion-on-ships-deals-with-the-provision-of-protective-coating-for-the-ship-structure-steel-and-its-continued-maintenance-PDEH3D_jpg.rf.8a05aba41f90ef0238f581bc59b4bb89.jpg,Low,6.0,Numeric:NORMAL(0) Vision:MEDIUM(0) Coastal:Low(+0.0) Age:6.0(+0.1) Failures:0(+0.0) Score:0.10,Risk=0.000 NORMAL.,9 corrosion regions.,"['[collect] SITE0122', '[numeric] NORMAL', '[vision] MEDIUM', '[merge] score=0.10', '[decision] LOW']",2026-07-30T17:28:20.668368Z
WO-SITE0123-202607301728,SITE0123,Sumatera Utara - Dumai,Indoor BTS Room,Jawa Timur,HIGH,PRIORITY_STRUCTURAL_REPAIR: Crack repair within 48h,3500,18,8.242422077642455e-06,NORMAL,CRITICAL,12,corrosion_detection-unzub_rspa20140254f01_jpg.rf.0efef08a3ac78e01c1f27fb2c76d9fe0.jpg,Medium,5.0,Numeric:NORMAL(0) Vision:CRITICAL(3) Coastal:Medium(+0.2) Age:5.0(+0.0) Failures:0(+0.0) Score:3.20,Risk=0.000 NORMAL.,"12 defects, high-confidence crack.","['[collect] SITE0123', '[numeric] NORMAL', '[vision] CRITICAL', '[merge] score=3.20', '[decision] HIGH']",2026-07-30T17:28:20.673594Z
WO-SITE0124-202607301728,SITE0124,Jawa Timur - Gorontalo,BTS Tower,Kalimantan Timur,LOW,ROUTINE_MONITORING: Continue regular schedule,0,0,1.2502383640103534e-05,NORMAL,CLEAN,0,corrosion-and-cracks-kuvur_corrosion-62-_jpeg.rf.3fb47b88414544da64b1b72d8b5cdfd9.jpg,Low,4.0,Numeric:NORMAL(0) Vision:CLEAN(0) Coastal:Low(+0.0) Age:4.0(+0.0) Failures:0(+0.0) Score:0.00,Risk=0.000 NORMAL.,No defects. PASS.,"['[collect] SITE0124', '[numeric] NORMAL', '[vision] CLEAN', '[merge] score=0.00', '[decision] LOW']",2026-07-30T17:28:20.678921Z
WO-SITE0125-202607301728,SITE0125,Jabodetabek - Solok,Outdoor Cabinet,Bali-Nusra,LOW,ROUTINE_MONITORING: Continue regular schedule,0,0,3.430043599789081e-05,NORMAL,CLEAN,0,corrosion-and-cracks-kuvur_corrosion-18-_jpeg.rf.bec8fef768832c05c5d93a422733e544.jpg,Low,12.0,Numeric:NORMAL(0) Vision:CLEAN(0) Coastal:Low(+0.0) Age:12.0(+0.7) Failures:0(+0.0) Score:0.70,Risk=0.000 NORMAL.,No defects. PASS.,"['[collect] SITE0125', '[numeric] NORMAL', '[vision] CLEAN', '[merge] score=0.70', '[decision] LOW']",2026-07-30T17:28:20.685209Z
WO-SITE0126-202607301728,SITE0126,Sumatera Utara - Pariaman,Outdoor Cabinet,Kalimantan Timur,LOW,ROUTINE_MONITORING: Continue regular schedule,0,0,1.2742680546374582e-05,NORMAL,CLEAN,0,corrosion-and-cracks-kuvur_corrosion-19-_jpeg.rf.0523b120146cab2b3c58f57d65c61208.jpg,Low,11.0,Numeric:NORMAL(0) Vision:CLEAN(0) Coastal:Low(+0.0) Age:11.0(+0.6) Failures:0(+0.0) Score:0.60,Risk=0.000 NORMAL.,No defects. PASS.,"['[collect] SITE0126', '[numeric] NORMAL', '[vision] CLEAN', '[merge] score=0.60', '[decision] LOW']",2026-07-30T17:28:20.691878Z
WO-SITE0127-202607301728,SITE0127,Sulawesi Selatan - Sukabumi,Microcell Pole,Sulawesi Selatan,HIGH,PRIORITY_STRUCTURAL_REPAIR: Crack repair within 48h,3500,18,5.360991739053068e-06,NORMAL,CRITICAL,4,corrosion_detection-unzub_main-qimg-dd1c9e2f7bbbaf14ab142360f5cb6b03-lq_jpg.rf.5d06d7dacfb7124dc3b6b03c353c954d.jpg,Medium,12.0,Numeric:NORMAL(0) Vision:CRITICAL(3) Coastal:Medium(+0.2) Age:12.0(+0.7) Failures:0(+0.0) Score:3.90,Risk=0.000 NORMAL.,"4 defects, high-confidence crack.","['[collect] SITE0127', '[numeric] NORMAL', '[vision] CRITICAL', '[merge] score=3.90', '[decision] HIGH']",2026-07-30T17:28:20.697759Z
WO-SITE0128-202607301728,SITE0128,Sumatera Utara - Surabaya,BTS Tower,Jawa Timur,LOW,ROUTINE_MONITORING: Continue regular schedule,0,0,7.318092713026352e-06,NORMAL,CLEAN,0,corrosion-and-cracks-kuvur_corrosion-9-_jpeg.rf.3543e2068dd9591dd5b3a9120002a1ed.jpg,Low,12.0,Numeric:NORMAL(0) Vision:CLEAN(0) Coastal:Low(+0.0) Age:12.0(+0.7) Failures:0(+0.0) Score:0.70,Risk=0.000 NORMAL.,No defects. PASS.,"['[collect] SITE0128', '[numeric] NORMAL', '[vision] CLEAN', '[merge] score=0.70', '[decision] LOW']",2026-07-30T17:28:20.703371Z
WO-SITE0129-202607301728,SITE0129,Jawa Timur - Meulaboh,Microcell Pole,Jawa Timur,LOW,ROUTINE_MONITORING: Continue regular schedule,0,0,1.0021799201013502e-05,NORMAL,MEDIUM,12,corrosion_detection-unzub_blog-31-4-statistics-on-galvanic-corrosion_jpg.rf.0d44539a26c12098d7eac3ecf1fdd135.jpg,Low,9.0,Numeric:NORMAL(0) Vision:MEDIUM(0) Coastal:Low(+0.0) Age:9.0(+0.4) Failures:0(+0.0) Score:0.40,Risk=0.000 NORMAL.,12 corrosion regions.,"['[collect] SITE0129', '[numeric] NORMAL', '[vision] MEDIUM', '[merge] score=0.40', '[decision] LOW']",2026-07-30T17:28:20.708841Z
WO-SITE0130-202607301728,SITE0130,Bali-Nusra - Pariaman,Outdoor Cabinet,Jawa Timur,HIGH,PRIORITY_STRUCTURAL_REPAIR: Crack repair within 48h,3500,18,1.2549069406291074e-05,NORMAL,CRITICAL,5,pipe-defects-ybzjr_broken-pipe_jpg.rf.f0794a6d700ea3990ba315c003ffff85.jpg,High,11.0,Numeric:NORMAL(0) Vision:CRITICAL(3) Coastal:High(+0.5) Age:11.0(+0.6) Failures:0(+0.0) Score:4.10,Risk=0.000 NORMAL.,"5 defects, high-confidence crack.","['[collect] SITE0130', '[numeric] NORMAL', '[vision] CRITICAL', '[merge] score=4.10', '[decision] HIGH']",2026-07-30T17:28:20.714463Z
WO-SITE0131-202607301728,SITE0131,Jawa Tengah - Palangkaraya,Microcell Pole,Jabodetabek,LOW,ROUTINE_MONITORING: Continue regular schedule,0,0,1.127695519504648e-05,NORMAL,CLEAN,0,corrosion-and-cracks-kuvur_corrosion-21-_jpeg.rf.3ab17e169ab9b8cf8b0503752d79d2f7.jpg,Low,3.0,Numeric:NORMAL(0) Vision:CLEAN(0) Coastal:Low(+0.0) Age:3.0(+0.0) Failures:0(+0.0) Score:0.00,Risk=0.000 NORMAL.,No defects. PASS.,"['[collect] SITE0131', '[numeric] NORMAL', '[vision] CLEAN', '[merge] score=0.00', '[decision] LOW']",2026-07-30T17:28:20.719820Z
WO-SITE0132-202607301728,SITE0132,Kalimantan Timur - Bekasi,BTS Tower,Jabodetabek,LOW,ROUTINE_MONITORING: Continue regular schedule,0,0,5.287973589576887e-06,NORMAL,MEDIUM,7,corrosion_detection-unzub_Copper-rivets-on-a-steel-bar-submerged-in-3--sodium-chloride-solution-after-six-months_jpg.rf.abb6178349aef6fa80a8b43cfa7813b6.jpg,Low,10.0,Numeric:NORMAL(0) Vision:MEDIUM(0) Coastal:Low(+0.0) Age:10.0(+0.5) Failures:0(+0.0) Score:0.50,Risk=0.000 NORMAL.,7 corrosion regions.,"['[collect] SITE0132', '[numeric] NORMAL', '[vision] MEDIUM', '[merge] score=0.50', '[decision] LOW']",2026-07-30T17:28:20.725383Z
WO-SITE0133-202607301728,SITE0133,Jawa Barat - Pangkalpinang,BTS Tower,Jawa Tengah,LOW,ROUTINE_MONITORING: Continue regular schedule,0,0,1.4422603962373308e-05,NORMAL,CLEAN,0,corrosion-and-cracks-kuvur_corrosion-74-_jpeg.rf.f91ad15eab0a00b178f4705b0cf19d1d.jpg,Medium,7.0,Numeric:NORMAL(0) Vision:CLEAN(0) Coastal:Medium(+0.2) Age:7.0(+0.2) Failures:0(+0.0) Score:0.40,Risk=0.000 NORMAL.,No defects. PASS.,"['[collect] SITE0133', '[numeric] NORMAL', '[vision] CLEAN', '[merge] score=0.40', '[decision] LOW']",2026-07-30T17:28:20.731650Z
WO-SITE0134-202607301728,SITE0134,Bali-Nusra - Tidore Kepulauan,BTS Tower,Sumatera Utara,HIGH,PRIORITY_STRUCTURAL_REPAIR: Crack repair within 48h,3500,18,1.1592213582299243e-05,NORMAL,CRITICAL,6,pipe-defects-ybzjr_pipeline-crack_jpg.rf.f0d70bc03d91d870c007941a68e177e2.jpg,Low,2.0,Numeric:NORMAL(0) Vision:CRITICAL(3) Coastal:Low(+0.0) Age:2.0(+0.0) Failures:1(+0.5) Score:3.50,Risk=0.000 NORMAL.,"6 defects, high-confidence crack.","['[collect] SITE0134', '[numeric] NORMAL', '[vision] CRITICAL', '[merge] score=3.50', '[decision] HIGH']",2026-07-30T17:28:20.737701Z
WO-SITE0135-202607301728,SITE0135,Sulawesi Selatan - Tebingtinggi,Microcell Pole,Jawa Tengah,LOW,ROUTINE_MONITORING: Continue regular schedule,0,0,1.3218935648814436e-05,NORMAL,MEDIUM,17,corrosion-and-cracks-kuvur_corrosion-49-_jpeg.rf.b9c82d42a3223ab07827ef9744ab0c3b.jpg,High,7.0,Numeric:NORMAL(0) Vision:MEDIUM(0) Coastal:High(+0.5) Age:7.0(+0.2) Failures:0(+0.0) Score:0.70,Risk=0.000 NORMAL.,17 corrosion regions.,"['[collect] SITE0135', '[numeric] NORMAL', '[vision] MEDIUM', '[merge] score=0.70', '[decision] LOW']",2026-07-30T17:28:20.743739Z
WO-SITE0136-202607301728,SITE0136,Jawa Barat - Cimahi,Indoor BTS Room,Kalimantan Timur,LOW,ROUTINE_MONITORING: Continue regular schedule,0,0,1.106854070932946e-05,NORMAL,CLEAN,0,corrosion-and-cracks-kuvur_corrosion-50-_jpeg.rf.22a2f1df5ce140ed99dfb0fcfaa08854.jpg,Medium,8.0,Numeric:NORMAL(0) Vision:CLEAN(0) Coastal:Medium(+0.2) Age:8.0(+0.3) Failures:0(+0.0) Score:0.50,Risk=0.000 NORMAL.,No defects. PASS.,"['[collect] SITE0136', '[numeric] NORMAL', '[vision] CLEAN', '[merge] score=0.50', '[decision] LOW']",2026-07-30T17:28:20.750097Z
WO-SITE0137-202607301728,SITE0137,Sulawesi Selatan - Bandar Lampung,Indoor BTS Room,Kalimantan Timur,HIGH,PRIORITY_STRUCTURAL_REPAIR: Crack repair within 48h,3500,18,8.73296359525592e-06,NORMAL,CRITICAL,4,pipe-defects-ybzjr_20210213-122216-1A_Frozen-Pipes-2_jpg.rf.d0a12149a7c144bad03fb08e3bec1af3.jpg,Low,6.0,Numeric:NORMAL(0) Vision:CRITICAL(3) Coastal:Low(+0.0) Age:6.0(+0.1) Failures:0(+0.0) Score:3.10,Risk=0.000 NORMAL.,"4 defects, high-confidence crack.","['[collect] SITE0137', '[numeric] NORMAL', '[vision] CRITICAL', '[merge] score=3.10', '[decision] HIGH']",2026-07-30T17:28:20.756007Z
WO-SITE0138-202607301728,SITE0138,Sulawesi Selatan - Semarang,Microcell Pole,Jawa Timur,LOW,ROUTINE_MONITORING: Continue regular schedule,0,0,6.22955305676975e-06,NORMAL,CLEAN,0,corrosion-and-cracks-kuvur_corrosion-75-_jpeg.rf.1e3a270a09aec4b3ad29acaa668d6e6f.jpg,Low,9.0,Numeric:NORMAL(0) Vision:CLEAN(0) Coastal:Low(+0.0) Age:9.0(+0.4) Failures:0(+0.0) Score:0.40,Risk=0.000 NORMAL.,No defects. PASS.,"['[collect] SITE0138', '[numeric] NORMAL', '[vision] CLEAN', '[merge] score=0.40', '[decision] LOW']",2026-07-30T17:28:20.761910Z
WO-SITE0139-202607301728,SITE0139,Kalimantan Timur - Sungai Penuh,Outdoor Cabinet,Kalimantan Timur,LOW,ROUTINE_MONITORING: Continue regular schedule,0,0,2.368093777487139e-05,NORMAL,MEDIUM,5,corrosion_detection-unzub_360_F_436508470_g8UEAu2MzjXTwcmdQVYoehWr2qjaJUap_jpg.rf.a0112d6714476c07079d07fbc25559b1.jpg,High,12.0,Numeric:NORMAL(0) Vision:MEDIUM(0) Coastal:High(+0.5) Age:12.0(+0.7) Failures:0(+0.0) Score:1.20,Risk=0.000 NORMAL.,5 corrosion regions.,"['[collect] SITE0139', '[numeric] NORMAL', '[vision] MEDIUM', '[merge] score=1.20', '[decision] LOW']",2026-07-30T17:28:20.767747Z
WO-SITE0140-202607301728,SITE0140,Jawa Barat - Singkawang,BTS Tower,Sumatera Utara,HIGH,PRIORITY_STRUCTURAL_REPAIR: Crack repair within 48h,3500,18,1.3468761089267392e-05,NORMAL,CRITICAL,12,corrosion_detection-unzub_corrosion-metal-rusty-bollard-abandoned-pier-221587764_jpg.rf.48e2bea4f6265d10e4709a63e54689c8.jpg,High,5.0,Numeric:NORMAL(0) Vision:CRITICAL(3) Coastal:High(+0.5) Age:5.0(+0.0) Failures:1(+0.5) Score:4.00,Risk=0.000 NORMAL.,"12 defects, high-confidence crack.","['[collect] SITE0140', '[numeric] NORMAL', '[vision] CRITICAL', '[merge] score=4.00', '[decision] HIGH']",2026-07-30T17:28:20.773952Z
WO-SITE0141-202607301728,SITE0141,Sulawesi Selatan - Surabaya,Indoor BTS Room,Sumatera Utara,LOW,ROUTINE_MONITORING: Continue regular schedule,0,0,1.0037709753740564e-05,NORMAL,CLEAN,0,corrosion-and-cracks-kuvur_corrosion-4-_jpeg.rf.74cdcb39556062dec2cd824e8bea08aa.jpg,High,3.0,Numeric:NORMAL(0) Vision:CLEAN(0) Coastal:High(+0.5) Age:3.0(+0.0) Failures:0(+0.0) Score:0.50,Risk=0.000 NORMAL.,No defects. PASS.,"['[collect] SITE0141', '[numeric] NORMAL', '[vision] CLEAN', '[merge] score=0.50', '[decision] LOW']",2026-07-30T17:28:20.779894Z
WO-SITE0142-202607301728,SITE0142,Sulawesi Selatan - Bukittinggi,Indoor BTS Room,Sumatera Utara,LOW,ROUTINE_MONITORING: Continue regular schedule,0,0,9.76842989632797e-06,NORMAL,CLEAN,0,corrosion-and-cracks-kuvur_corrosion-8-_jpeg.rf.c7aaa4066a9f2971598954a257af9385.jpg,Low,8.0,Numeric:NORMAL(0) Vision:CLEAN(0) Coastal:Low(+0.0) Age:8.0(+0.3) Failures:0(+0.0) Score:0.30,Risk=0.000 NORMAL.,No defects. PASS.,"['[collect] SITE0142', '[numeric] NORMAL', '[vision] CLEAN', '[merge] score=0.30', '[decision] LOW']",2026-07-30T17:28:20.785705Z
WO-SITE0143-202607301728,SITE0143,Jawa Barat - Banda Aceh,BTS Tower,Jawa Timur,LOW,ROUTINE_MONITORING: Continue regular schedule,0,0,8.23656084935875e-06,NORMAL,MEDIUM,12,corrosion_detection-unzub_pit-corrosion-in-aisi-rolled-steel_jpg.rf.449060f3778dc522d0bcd06cf576c6f3.jpg,Low,2.0,Numeric:NORMAL(0) Vision:MEDIUM(0) Coastal:Low(+0.0) Age:2.0(+0.0) Failures:0(+0.0) Score:0.00,Risk=0.000 NORMAL.,12 corrosion regions.,"['[collect] SITE0143', '[numeric] NORMAL', '[vision] MEDIUM', '[merge] score=0.00', '[decision] LOW']",2026-07-30T17:28:20.791460Z
WO-SITE0144-202607301728,SITE0144,Sumatera Utara - Tebingtinggi,Microcell Pole,Bali-Nusra,LOW,ROUTINE_MONITORING: Continue regular schedule,0,0,1.2580656463532329e-05,NORMAL,CLEAN,0,corrosion-and-cracks-kuvur_corrosion-74-_jpeg.rf.f91ad15eab0a00b178f4705b0cf19d1d.jpg,Medium,6.0,Numeric:NORMAL(0) Vision:CLEAN(0) Coastal:Medium(+0.2) Age:6.0(+0.1) Failures:0(+0.0) Score:0.30,Risk=0.000 NORMAL.,No defects. PASS.,"['[collect] SITE0144', '[numeric] NORMAL', '[vision] CLEAN', '[merge] score=0.30', '[decision] LOW']",2026-07-30T17:28:20.797705Z
WO-SITE0145-202607301728,SITE0145,Sumatera Utara - Pontianak,Outdoor Cabinet,Jawa Timur,LOW,ROUTINE_MONITORING: Continue regular schedule,0,0,1.3366601235390843e-05,NORMAL,CLEAN,0,corrosion-and-cracks-kuvur_corrosion-73-_jpeg.rf.3675195e059111af178e8d4e70e4250d.jpg,Low,12.0,Numeric:NORMAL(0) Vision:CLEAN(0) Coastal:Low(+0.0) Age:12.0(+0.7) Failures:0(+0.0) Score:0.70,Risk=0.000 NORMAL.,No defects. PASS.,"['[collect] SITE0145', '[numeric] NORMAL', '[vision] CLEAN', '[merge] score=0.70', '[decision] LOW']",2026-07-30T17:28:20.803659Z
WO-SITE0146-202607301728,SITE0146,Sulawesi Selatan - Palangkaraya,BTS Tower,Jawa Timur,HIGH,PRIORITY_STRUCTURAL_REPAIR: Crack repair within 48h,3500,18,1.2258382570895148e-05,NORMAL,CRITICAL,4,pipe-defects-ybzjr_featured-image-burst-pipe-jpeg_jpg.rf.790094dc13e231a1a5c338f9a1f653c4.jpg,Medium,5.0,Numeric:NORMAL(0) Vision:CRITICAL(3) Coastal:Medium(+0.2) Age:5.0(+0.0) Failures:1(+0.5) Score:3.70,Risk=0.000 NORMAL.,"4 defects, high-confidence crack.","['[collect] SITE0146', '[numeric] NORMAL', '[vision] CRITICAL', '[merge] score=3.70', '[decision] HIGH']",2026-07-30T17:28:20.809988Z
WO-SITE0147-202607301728,SITE0147,Kalimantan Timur - Jambi,BTS Tower,Jabodetabek,HIGH,PRIORITY_STRUCTURAL_REPAIR: Crack repair within 48h,3500,18,8.749127131915757e-06,NORMAL,CRITICAL,11,corrosion_detection-unzub_Crevice-corrosion-of-metal-coupling-proximity_jpg.rf.8830d8e0147dbb891f4ed11786295076.jpg,Low,9.0,Numeric:NORMAL(0) Vision:CRITICAL(3) Coastal:Low(+0.0) Age:9.0(+0.4) Failures:0(+0.0) Score:3.40,Risk=0.000 NORMAL.,"11 defects, high-confidence crack.","['[collect] SITE0147', '[numeric] NORMAL', '[vision] CRITICAL', '[merge] score=3.40', '[decision] HIGH']",2026-07-30T17:28:20.816247Z
WO-SITE0148-202607301728,SITE0148,Jawa Tengah - Kota Administrasi Jakarta Pusat,Microcell Pole,Jawa Barat,LOW,ROUTINE_MONITORING: Continue regular schedule,0,0,7.585187417182927e-06,NORMAL,CLEAN,0,corrosion-and-cracks-kuvur_corrosion-17-_jpeg.rf.4de64d9dfbebf962b5323a038395645e.jpg,Low,7.0,Numeric:NORMAL(0) Vision:CLEAN(0) Coastal:Low(+0.0) Age:7.0(+0.2) Failures:0(+0.0) Score:0.20,Risk=0.000 NORMAL.,No defects. PASS.,"['[collect] SITE0148', '[numeric] NORMAL', '[vision] CLEAN', '[merge] score=0.20', '[decision] LOW']",2026-07-30T17:28:20.822075Z
WO-SITE0149-202607301728,SITE0149,Jawa Timur - Kupang,BTS Tower,Kalimantan Timur,LOW,ROUTINE_MONITORING: Continue regular schedule,0,0,9.926261451137373e-06,NORMAL,CLEAN,0,corrosion-and-cracks-kuvur_corrosion-15-_jpeg.rf.ecfef469aef0df693fa2a27a3a92c176.jpg,Low,11.0,Numeric:NORMAL(0) Vision:CLEAN(0) Coastal:Low(+0.0) Age:11.0(+0.6) Failures:0(+0.0) Score:0.60,Risk=0.000 NORMAL.,No defects. PASS.,"['[collect] SITE0149', '[numeric] NORMAL', '[vision] CLEAN', '[merge] score=0.60', '[decision] LOW']",2026-07-30T17:28:20.828462Z
WO-SITE0150-202607301728,SITE0150,Jawa Timur - Tual,Outdoor Cabinet,Kalimantan Timur,LOW,ROUTINE_MONITORING: Continue regular schedule,0,0,1.2745954011662169e-05,NORMAL,MEDIUM,5,corrosion_detection-unzub_Crevice-corrosion-under-a-Type-316-bolt--which-is-holding-a-Type-316-structural-beam-in-place--on-the-Florida-coast--Photo-credit-TMR-Consulting_jpg.rf.5cdb654d8d216df96f60703d788c11d8.jpg,Medium,10.0,Numeric:NORMAL(0) Vision:MEDIUM(0) Coastal:Medium(+0.2) Age:10.0(+0.5) Failures:0(+0.0) Score:0.70,Risk=0.000 NORMAL.,5 corrosion regions.,"['[collect] SITE0150', '[numeric] NORMAL', '[vision] MEDIUM', '[merge] score=0.70', '[decision] LOW']",2026-07-30T17:28:20.834043Z
